ASV_ID;Domain;Supergroup;Division;Subdivision;Class;Order;Family;Genus;Species
5194834abfe03afa5b285ea54e4da998;Eukaryota; Obazoa; Opisthokonta; Fungi; Fungi_X; Fungi_XX; Fungi_XXX; Fungi_XXXX; Fungi_XXXX_sp.
2a07fb5d30db73425f5abacb81d74df5;Eukaryota; Obazoa; Opisthokonta; Fungi; Fungi_X; Fungi_XX; Fungi_XXX; Fungi_XXXX; Fungi_XXXX_sp.
fe69d30147a337ae43684acf88e0285d;Eukaryota; Obazoa; Opisthokonta; Fungi; Fungi_X; Fungi_XX; Fungi_XXX; Fungi_XXXX; Fungi_XXXX_sp.
c8a78c096e37d24fe52adff56b551904;Eukaryota; Obazoa; Opisthokonta; Fungi; Fungi_X; Fungi_XX; Fungi_XXX; Fungi_XXXX; Fungi_XXXX_sp.
928c32802a3b43008889e73c40e88d4b;Eukaryota; Obazoa; Opisthokonta; Fungi; Fungi_X; Fungi_XX; Fungi_XXX; Fungi_XXXX; Fungi_XXXX_sp.
86fe1e23745e8bc3675ea7bd5ad97b59;Eukaryota; Obazoa; Opisthokonta; Fungi; Fungi_X; Fungi_XX; Fungi_XXX; Fungi_XXXX; Fungi_XXXX_sp.
728a125e84749952a1568e8f936c0e34;Eukaryota; Obazoa; Opisthokonta; Fungi; Fungi_X; Fungi_XX; Fungi_XXX; Fungi_XXXX; Fungi_XXXX_sp.
2544fbc96f05f88d89e65110a47d71a1;Eukaryota; Obazoa; Opisthokonta; Fungi; Fungi_X; Fungi_XX; Fungi_XXX; Fungi_XXXX; Fungi_XXXX_sp.
5612e241d434f610287a723e783e4389;Eukaryota; Obazoa; Opisthokonta; Fungi; Fungi_X; Fungi_XX; Fungi_XXX; Fungi_XXXX; Fungi_XXXX_sp.
b7beecf258831a80d275f4e54c28694c;Eukaryota; Obazoa; Opisthokonta; Fungi; Fungi_X; Fungi_XX; Fungi_XXX; Fungi_XXXX; Fungi_XXXX_sp.
a49cd8d6bce5cf90afe0c208b972a023;Eukaryota; Obazoa; Opisthokonta; Fungi; Fungi_X; Fungi_XX; Fungi_XXX; Fungi_XXXX; Fungi_XXXX_sp.
d7ed8a8fcba19716249bec756f8bc8dd;Eukaryota; Obazoa; Opisthokonta; Fungi; Fungi_X; Fungi_XX; Fungi_XXX; Fungi_XXXX; Fungi_XXXX_sp.
5adb2f2e44b9915483e8f25da3226abf;Eukaryota; Obazoa; Opisthokonta; Fungi; Fungi_X; Fungi_XX; Fungi_XXX; Fungi_XXXX; Fungi_XXXX_sp.
238f28cdae3b02fb7cd3d478a1a108a3;Eukaryota; Obazoa; Opisthokonta; Fungi; Fungi_X; Fungi_XX; Fungi_XXX; Fungi_XXXX; Fungi_XXXX_sp.
bfb04745020147809c15de6179f6031f;Eukaryota; Obazoa; Opisthokonta; Fungi; Fungi_X; Fungi_XX; Fungi_XXX; Fungi_XXXX; Fungi_XXXX_sp.
6de844ed3350ba96f0d728693f533b3e;Eukaryota; Obazoa; Opisthokonta; Fungi; Fungi_X; Fungi_XX; Fungi_XXX; Fungi_XXXX; Fungi_XXXX_sp.
5b4caa670d026e3b2a214adefbf6d3b5;Eukaryota; Obazoa; Opisthokonta; Fungi; Fungi_X; Fungi_XX; Fungi_XXX; Fungi_XXXX; Fungi_XXXX_sp.
c311cd05a099cb68ac14d909bae9285b;Eukaryota; Obazoa; Opisthokonta; Fungi; Fungi_X; Fungi_XX; Fungi_XXX; Fungi_XXXX; Fungi_XXXX_sp.
72d51fb3705898dfdfb637564360678a;Eukaryota; Obazoa; Opisthokonta; Fungi; Fungi_X; Fungi_XX; Fungi_XXX; Fungi_XXXX; Fungi_XXXX_sp.
2ca9d263dfbcffe67ff57c9b0209ac5b;Eukaryota; Obazoa; Opisthokonta; Fungi; Fungi_X; Fungi_XX; Fungi_XXX; Fungi_XXXX; Fungi_XXXX_sp.
180a42bb6ddfe7e1f06d488ae12271f8;Eukaryota; Obazoa; Opisthokonta; Fungi; Fungi_X; Fungi_XX; Fungi_XXX; Fungi_XXXX; Fungi_XXXX_sp.
d4d828ce954c4b2ffb7d04ae04c8fece;Eukaryota; Obazoa; Opisthokonta; Fungi; Fungi_X; Fungi_XX; Fungi_XXX; Fungi_XXXX; Fungi_XXXX_sp.
bc8062d3f3dc21547ed0504ae1016fe7;Eukaryota; Obazoa; Opisthokonta; Fungi; Fungi_X; Fungi_XX; Fungi_XXX; Fungi_XXXX; Fungi_XXXX_sp.
eb0e5c65f09a1c67ac4b45dab5a4d9ff;Eukaryota; Obazoa; Opisthokonta; Fungi; Fungi_X; Fungi_XX; Fungi_XXX; Fungi_XXXX; Fungi_XXXX_sp.
627e6b774d527606c0da63526b426274;Eukaryota; Obazoa; Opisthokonta; Fungi; Fungi_X; Fungi_XX; Fungi_XXX; Fungi_XXXX; Fungi_XXXX_sp.
fcad9e5af885d0a3e93d0e2ead72190f;Eukaryota; Obazoa; Opisthokonta; Fungi; Fungi_X; Fungi_XX; Fungi_XXX; Fungi_XXXX; Fungi_XXXX_sp.
f38faef0e104c42484820fc1a287710a;Eukaryota; Obazoa; Opisthokonta; Fungi; Fungi_X; Fungi_XX; Fungi_XXX; Fungi_XXXX; Fungi_XXXX_sp.
4ed6fc81270bc380273882865e8d4912;Eukaryota; Obazoa; Opisthokonta; Fungi; Fungi_X; Fungi_XX; Fungi_XXX; Fungi_XXXX; Fungi_XXXX_sp.
0216d5420dc7240f4e345bd2b13f9bc7;Eukaryota; Obazoa; Opisthokonta; Fungi; Fungi_X; Fungi_XX; Fungi_XXX; Fungi_XXXX; Fungi_XXXX_sp.
783cec0e9b0774ccdda12e7da0108df8;Eukaryota; Obazoa; Opisthokonta; Fungi; Fungi_X; Fungi_XX; Fungi_XXX; Fungi_XXXX; Fungi_XXXX_sp.
dfd9ea301e0eba85bef5dc1fb6425b1f;Eukaryota; Obazoa; Opisthokonta; Fungi; Fungi_X; Fungi_XX; Fungi_XXX; Fungi_XXXX; Fungi_XXXX_sp.
81d5c01351a054523bbe612c0ebf3e7d;Eukaryota; Obazoa; Opisthokonta; Fungi; Fungi_X; Fungi_XX; Fungi_XXX; Fungi_XXXX; Fungi_XXXX_sp.
eef51fcb2ee3cc2557102a8c511e405c;Eukaryota; Obazoa; Opisthokonta; Fungi; Fungi_X; Fungi_XX; Fungi_XXX; Fungi_XXXX; Fungi_XXXX_sp.
1a1f1f38b7c4f19b5993a33444b78454;Eukaryota; Obazoa; Opisthokonta; Fungi; Fungi_X; Fungi_XX; Fungi_XXX; Fungi_XXXX; Fungi_XXXX_sp.
93580870daab51c2a5336ecdbea3a7c6;Eukaryota; Obazoa; Opisthokonta; Fungi; Fungi_X; Fungi_XX; Fungi_XXX; Fungi_XXXX; Fungi_XXXX_sp.
078244425542a9e7c63fd0258cda103a;Eukaryota; Obazoa; Opisthokonta; Fungi; Fungi_X; Fungi_XX; Fungi_XXX; Fungi_XXXX; Fungi_XXXX_sp.
4155436d26c22244a6065b2fcb72a296;Eukaryota; Obazoa; Opisthokonta; Fungi; Fungi_X; Fungi_XX; Fungi_XXX; Fungi_XXXX; Fungi_XXXX_sp.
696da5f10b4bc4e241418f7c99b9f8c3;Eukaryota; Obazoa; Opisthokonta; Fungi; Fungi_X; Fungi_XX; Fungi_XXX; Fungi_XXXX; Fungi_XXXX_sp.
f839b591c4e5cd0ebf58337edc3b5454;Eukaryota; Obazoa; Opisthokonta; Fungi; Fungi_X; Fungi_XX; Fungi_XXX; Fungi_XXXX; Fungi_XXXX_sp.
aef646997bed0aebbe89e4f5e528e3b4;Eukaryota; Obazoa; Opisthokonta; Fungi; Fungi_X; Fungi_XX; Fungi_XXX; Fungi_XXXX; Fungi_XXXX_sp.
48debbf5ce8ef0cc041250284ae30449;Eukaryota; Obazoa; Opisthokonta; Fungi; Fungi_X; Fungi_XX; Fungi_XXX; Fungi_XXXX; Fungi_XXXX_sp.
afca78ee58c959214980c93407ce5c79;Eukaryota; Obazoa; Opisthokonta; Fungi; Fungi_X; Fungi_XX; Fungi_XXX; Fungi_XXXX; Fungi_XXXX_sp.
b727f71fd80d4e5ca4afcacea2c0fc9d;Eukaryota; Obazoa; Opisthokonta; Fungi; Fungi_X; Fungi_XX; Fungi_XXX; Fungi_XXXX; Fungi_XXXX_sp.
eea18583e006ed91a9e9bb22ed5965ba;Eukaryota; Obazoa; Opisthokonta; Fungi; Fungi_X; Fungi_XX; Fungi_XXX; Fungi_XXXX; Fungi_XXXX_sp.
302c6f43ce397a3b27e6b1427aa7b02c;Eukaryota; Obazoa; Opisthokonta; Fungi; Fungi_X; Fungi_XX; Fungi_XXX; Fungi_XXXX; Fungi_XXXX_sp.
727d86c13a86ba89f07bdf1be733a897;Eukaryota; Obazoa; Opisthokonta; Fungi; Fungi_X; Fungi_XX; Fungi_XXX; Fungi_XXXX; Fungi_XXXX_sp.
3a6189c8ff25240683fa6ea25f2f325a;Eukaryota; Obazoa; Opisthokonta; Fungi; Fungi_X; Fungi_XX; Fungi_XXX; Fungi_XXXX; Fungi_XXXX_sp.
b2de6c1c436d35389bc56c2875b60cfa;Eukaryota; Obazoa; Opisthokonta; Fungi; Fungi_X; Fungi_XX; Fungi_XXX; Fungi_XXXX; Fungi_XXXX_sp.
b5ccaef1bbaae65ef3d0329af0559862;Eukaryota; Obazoa; Opisthokonta; Fungi; Fungi_X; Fungi_XX; Fungi_XXX; Fungi_XXXX; Fungi_XXXX_sp.
4fc84b4cd9023660b10574f214c701d7;Eukaryota; Obazoa; Opisthokonta; Fungi; Fungi_X; Fungi_XX; Fungi_XXX; Fungi_XXXX; Fungi_XXXX_sp.
d763f9aaebe4b23c2461935ffd40a921;Eukaryota; Obazoa; Opisthokonta; Fungi; Fungi_X; Fungi_XX; Fungi_XXX; Fungi_XXXX; Fungi_XXXX_sp.
b888b0d2e4767d591dcb9d70fe836a11;Eukaryota; Obazoa; Opisthokonta; Fungi; Fungi_X; Fungi_XX; Fungi_XXX; Fungi_XXXX; Fungi_XXXX_sp.
d5a8b5a0c9ed299c9fb29c191c643ffa;Eukaryota; Obazoa; Opisthokonta; Fungi; Fungi_X; Fungi_XX; Fungi_XXX; Fungi_XXXX; Fungi_XXXX_sp.
5d21a8520187b0e5fe6f13e38fc3af0b;Eukaryota; Obazoa; Opisthokonta; Fungi; Fungi_X; Fungi_XX; Fungi_XXX; Fungi_XXXX; Fungi_XXXX_sp.
7f31212eade08194e1c1abc8062aa829;Eukaryota; Obazoa; Opisthokonta; Fungi; Fungi_X; Fungi_XX; Fungi_XXX; Fungi_XXXX; Fungi_XXXX_sp.
5d0ad848a27bebd371e0adc295f46747;Eukaryota; Obazoa; Opisthokonta; Fungi; Fungi_X; Fungi_XX; Fungi_XXX; Fungi_XXXX; Fungi_XXXX_sp.
499cc7425d07eeaa672fd287a0574d56;Eukaryota; Obazoa; Opisthokonta; Fungi; Fungi_X; Fungi_XX; Fungi_XXX; Fungi_XXXX; Fungi_XXXX_sp.
4b37adfddb14b20ca12c1aa2e609d939;Eukaryota; Obazoa; Opisthokonta; Fungi; Fungi_X; Fungi_XX; Fungi_XXX; Fungi_XXXX; Fungi_XXXX_sp.
aee32ee18c690e1ccfb74bbb6243b05d;Eukaryota; Obazoa; Opisthokonta; Fungi; Fungi_X; Fungi_XX; Fungi_XXX; Fungi_XXXX; Fungi_XXXX_sp.
45cbdfe82d4714412fb2f6787ba8472c;Eukaryota; Obazoa; Opisthokonta; Fungi; Fungi_X; Fungi_XX; Fungi_XXX; Fungi_XXXX; Fungi_XXXX_sp.
6486bbab1db32a82c0bf66c096551cc1;Eukaryota; Obazoa; Opisthokonta; Fungi; Fungi_X; Fungi_XX; Fungi_XXX; Fungi_XXXX; Fungi_XXXX_sp.
a6de9bac43be18fc40c48ed5edabfaf3;Eukaryota; Obazoa; Opisthokonta; Fungi; Fungi_X; Fungi_XX; Fungi_XXX; Fungi_XXXX; Fungi_XXXX_sp.
67162c322cdfc3015ed0e32c4970ec04;Eukaryota; Obazoa; Opisthokonta; Fungi; Fungi_X; Fungi_XX; Fungi_XXX; Fungi_XXXX; Fungi_XXXX_sp.
be7c18b740b0bb4558c28818586271e7;Eukaryota; Obazoa; Opisthokonta; Fungi; Fungi_X; Fungi_XX; Fungi_XXX; Fungi_XXXX; Fungi_XXXX_sp.
0edc32c0ddadae6706b5cdf1772457ec;Eukaryota; Obazoa; Opisthokonta; Fungi; Fungi_X; Fungi_XX; Fungi_XXX; Fungi_XXXX; Fungi_XXXX_sp.
40d92f3a17a9165e8958c202539ec084;Eukaryota; Obazoa; Opisthokonta; Fungi; Fungi_X; Fungi_XX; Fungi_XXX; Fungi_XXXX; Fungi_XXXX_sp.
7929ca5280494e1e342e647b0f6d0173;Eukaryota; Obazoa; Opisthokonta; Fungi; Fungi_X; Fungi_XX; Fungi_XXX; Fungi_XXXX; Fungi_XXXX_sp.
913986d0266ea6e9e5987105a159a67a;Eukaryota; Obazoa; Opisthokonta; Fungi; Fungi_X; Fungi_XX; Fungi_XXX; Fungi_XXXX; Fungi_XXXX_sp.
07ffa311da10ecd2bb14886d6b26d8ef;Eukaryota; Obazoa; Opisthokonta; Fungi; Fungi_X; Fungi_XX; Fungi_XXX; Fungi_XXXX; Fungi_XXXX_sp.
73e8a542a43d132085de220814e553f1;Eukaryota; Obazoa; Opisthokonta; Fungi; Fungi_X; Fungi_XX; Fungi_XXX; Fungi_XXXX; Fungi_XXXX_sp.
a1a32fa2a9966c211c5305e719e3d6b0;Eukaryota; Obazoa; Opisthokonta; Fungi; Fungi_X; Fungi_XX; Fungi_XXX; Fungi_XXXX; Fungi_XXXX_sp.
a65960e1414d8c95cc4547986fca6acb;Eukaryota; Obazoa; Opisthokonta; Fungi; Fungi_X; Fungi_XX; Fungi_XXX; Fungi_XXXX; Fungi_XXXX_sp.
79213376a1d181b337328addd8752aab;Eukaryota; Obazoa; Opisthokonta; Fungi; Fungi_X; Fungi_XX; Fungi_XXX; Fungi_XXXX; Fungi_XXXX_sp.
1d18917ad985d0693b9c6b0924f50acb;Eukaryota; Obazoa; Opisthokonta; Fungi; Fungi_X; Fungi_XX; Fungi_XXX; Fungi_XXXX; Fungi_XXXX_sp.
9851f3368b24d0f519171c84444c5f47;Eukaryota; Obazoa; Opisthokonta; Fungi; Fungi_X; Fungi_XX; Fungi_XXX; Fungi_XXXX; Fungi_XXXX_sp.
95d1d41edd9507f1f42396f876b49782;Eukaryota; Obazoa; Opisthokonta; Fungi; Fungi_X; Fungi_XX; Fungi_XXX; Fungi_XXXX; Fungi_XXXX_sp.
11d5465aa995e647664c984a72fc6281;Eukaryota; Obazoa; Opisthokonta; Fungi; Fungi_X; Fungi_XX; Fungi_XXX; Fungi_XXXX; Fungi_XXXX_sp.
f6d3c43fca2fdd5b48c269954ce034f4;Eukaryota; Obazoa; Opisthokonta; Fungi; Fungi_X; Fungi_XX; Fungi_XXX; Fungi_XXXX; Fungi_XXXX_sp.
07c5dd9a05455c57a14f20e765c85df1;Eukaryota; Obazoa; Opisthokonta; Fungi; Fungi_X; Fungi_XX; Fungi_XXX; Fungi_XXXX; Fungi_XXXX_sp.
c7b68a3eb12c0efcee579cf096a40cf6;Eukaryota; Obazoa; Opisthokonta; Fungi; Fungi_X; Fungi_XX; Fungi_XXX; Fungi_XXXX; Fungi_XXXX_sp.
2dc5d630c15e3ee8ba7027738b9e2dda;Eukaryota; Obazoa; Opisthokonta; Fungi; Fungi_X; Fungi_XX; Fungi_XXX; Fungi_XXXX; Fungi_XXXX_sp.
fcb5d115e620fd91e2ab6ba74459f5c6;Eukaryota; Obazoa; Opisthokonta; Fungi; Fungi_X; Fungi_XX; Fungi_XXX; Fungi_XXXX; Fungi_XXXX_sp.
340d9f105e97f513a35c3944d013bb36;Eukaryota; Obazoa; Opisthokonta; Fungi; Fungi_X; Fungi_XX; Fungi_XXX; Fungi_XXXX; Fungi_XXXX_sp.
627706337299a460d719f4e7b247b637;Eukaryota; Obazoa; Opisthokonta; Fungi; Fungi_X; Fungi_XX; Fungi_XXX; Fungi_XXXX; Fungi_XXXX_sp.
bdd4feca35ca2912d647dc07432b608d;Eukaryota; Obazoa; Opisthokonta; Fungi; Fungi_X; Fungi_XX; Fungi_XXX; Fungi_XXXX; Fungi_XXXX_sp.
4eaf38d3e641cb4a42f18268bcf60d5b;Eukaryota; Obazoa; Opisthokonta; Fungi; Fungi_X; Fungi_XX; Fungi_XXX; Fungi_XXXX; Fungi_XXXX_sp.
b43fbdc9ef5940be653dc29455b19b1e;Eukaryota; Obazoa; Opisthokonta; Fungi; Fungi_X; Fungi_XX; Fungi_XXX; Fungi_XXXX; Fungi_XXXX_sp.
225a98b6f3c816abff13d3a89bd786a7;Eukaryota; Obazoa; Opisthokonta; Fungi; Fungi_X; Fungi_XX; Fungi_XXX; Fungi_XXXX; Fungi_XXXX_sp.
057d0bb763a1337689be74fb08af1078;Eukaryota; Obazoa; Opisthokonta; Fungi; Fungi_X; Fungi_XX; Fungi_XXX; Fungi_XXXX; Fungi_XXXX_sp.
a7d8a73166f522b82e6265bbc2e8b188;Eukaryota; Obazoa; Opisthokonta; Fungi; Fungi_X; Fungi_XX; Fungi_XXX; Fungi_XXXX; Fungi_XXXX_sp.
a3dc71a282e804ae34d67676cd85450f;Eukaryota; Obazoa; Opisthokonta; Fungi; Fungi_X; Fungi_XX; Fungi_XXX; Fungi_XXXX; Fungi_XXXX_sp.
3635bd164b1d263573a2fca848ce764c;Eukaryota; Obazoa; Opisthokonta; Fungi; Fungi_X; Fungi_XX; Fungi_XXX; Fungi_XXXX; Fungi_XXXX_sp.
bb31c7082df7f828447430156ca0367f;Eukaryota; Obazoa; Opisthokonta; Fungi; Fungi_X; Fungi_XX; Fungi_XXX; Fungi_XXXX; Fungi_XXXX_sp.
18d3bb41ab1003ffbf36fc538239b44a;Eukaryota; Obazoa; Opisthokonta; Fungi; Fungi_X; Fungi_XX; Fungi_XXX; Fungi_XXXX; Fungi_XXXX_sp.
24e35add2e9bdde948c52a0de539804e;Eukaryota; Obazoa; Opisthokonta; Fungi; Fungi_X; Fungi_XX; Fungi_XXX; Fungi_XXXX; Fungi_XXXX_sp.
348843a76ad162a3d679330bc084b6af;Eukaryota; Obazoa; Opisthokonta; Fungi; Fungi_X; Fungi_XX; Fungi_XXX; Fungi_XXXX; Fungi_XXXX_sp.
86e08535c9e241140f417a65fe3eca48;Eukaryota; Obazoa; Opisthokonta; Fungi; Fungi_X; Fungi_XX; Fungi_XXX; Fungi_XXXX; Fungi_XXXX_sp.
42596a7e78358054fd15194a7034ceb8;Eukaryota; Obazoa; Opisthokonta; Fungi; Fungi_X; Fungi_XX; Fungi_XXX; Fungi_XXXX; Fungi_XXXX_sp.
8c9fb831b974a0cf1192ce0416d4504d;Eukaryota; Obazoa; Opisthokonta; Fungi; Fungi_X; Fungi_XX; Fungi_XXX; Fungi_XXXX; Fungi_XXXX_sp.
e6528b871a3cb3080654f7ed3b5d8039;Eukaryota; Obazoa; Opisthokonta; Fungi; Fungi_X; Fungi_XX; Fungi_XXX; Fungi_XXXX; Fungi_XXXX_sp.
66d35691076974093e29a80a9acd67cd;Eukaryota; Obazoa; Opisthokonta; Fungi; Fungi_X; Fungi_XX; Fungi_XXX; Fungi_XXXX; Fungi_XXXX_sp.
27685471c7854fa668678a25b16d1927;Eukaryota; Obazoa; Opisthokonta; Fungi; Fungi_X; Fungi_XX; Fungi_XXX; Fungi_XXXX; Fungi_XXXX_sp.
55804bd8270ebbd21b57a08eccffd06f;Eukaryota; Obazoa; Opisthokonta; Fungi; Fungi_X; Fungi_XX; Fungi_XXX; Fungi_XXXX; Fungi_XXXX_sp.
670453ad6b1422d3911e916ee6f20b9e;Eukaryota; Obazoa; Opisthokonta; Fungi; Fungi_X; Fungi_XX; Fungi_XXX; Fungi_XXXX; Fungi_XXXX_sp.
7595301e6f16f78aa511d45630c3ec2e;Eukaryota; Obazoa; Opisthokonta; Fungi; Fungi_X; Fungi_XX; Fungi_XXX; Fungi_XXXX; Fungi_XXXX_sp.
654ad0a800ff57f745114ab5bc364220;Eukaryota; Obazoa; Opisthokonta; Fungi; Fungi_X; Fungi_XX; Fungi_XXX; Fungi_XXXX; Fungi_XXXX_sp.
4e1bce581ffe0fc0e3d5b6a1efb92806;Eukaryota; Obazoa; Opisthokonta; Fungi; Fungi_X; Fungi_XX; Fungi_XXX; Fungi_XXXX; Fungi_XXXX_sp.
417ee75ca5f15ce391382640e33020f5;Eukaryota; Obazoa; Opisthokonta; Fungi; Fungi_X; Fungi_XX; Fungi_XXX; Fungi_XXXX; Fungi_XXXX_sp.
b093b9deb1eed5e248e16102315793cf;Eukaryota; Obazoa; Opisthokonta; Fungi; Fungi_X; Fungi_XX; Fungi_XXX; Fungi_XXXX; Fungi_XXXX_sp.
957817a47acdf101c26e84372278ac3a;Eukaryota; Obazoa; Opisthokonta; Fungi; Fungi_X; Fungi_XX; Fungi_XXX; Fungi_XXXX; Fungi_XXXX_sp.
fe0c8d7dc9dc028144a5b87bce3d16e0;Eukaryota; Obazoa; Opisthokonta; Fungi; Fungi_X; Fungi_XX; Fungi_XXX; Fungi_XXXX; Fungi_XXXX_sp.
4aab45deed369849f2d7068d61af90db;Eukaryota; Obazoa; Opisthokonta; Fungi; Fungi_X; Fungi_XX; Fungi_XXX; Fungi_XXXX; Fungi_XXXX_sp.
d6db38c51fa420511d37ae57fecdf6fd;Eukaryota; Obazoa; Opisthokonta; Fungi; Fungi_X; Fungi_XX; Fungi_XXX; Fungi_XXXX; Fungi_XXXX_sp.
69698c25e97bff230af61f494df7e2e6;Eukaryota; Obazoa; Opisthokonta; Fungi; Fungi_X; Fungi_XX; Fungi_XXX; Fungi_XXXX; Fungi_XXXX_sp.
be4acf10752487e701b700679d136671;Eukaryota; Obazoa; Opisthokonta; Fungi; Fungi_X; Fungi_XX; Fungi_XXX; Fungi_XXXX; Fungi_XXXX_sp.
8cb3b40cddc713f0f87ae79c1ada021e;Eukaryota; Obazoa; Opisthokonta; Fungi; Fungi_X; Fungi_XX; Fungi_XXX; Fungi_XXXX; Fungi_XXXX_sp.
427d9d9857708c6fab0209ade340f124;Eukaryota; Obazoa; Opisthokonta; Fungi; Fungi_X; Fungi_XX; Fungi_XXX; Fungi_XXXX; Fungi_XXXX_sp.
7bcee7fdf8010b2cc78f75f1dac84333;Eukaryota; Obazoa; Opisthokonta; Fungi; Fungi_X; Fungi_XX; Fungi_XXX; Fungi_XXXX; Fungi_XXXX_sp.
a41abbcf80d2afea49a6c8a29ee3f33e;Eukaryota; Obazoa; Opisthokonta; Fungi; Fungi_X; Fungi_XX; Fungi_XXX; Fungi_XXXX; Fungi_XXXX_sp.
8275a25c653d03b1c2f7387484e27dfc;Eukaryota; Obazoa; Opisthokonta; Fungi; Fungi_X; Fungi_XX; Fungi_XXX; Fungi_XXXX; Fungi_XXXX_sp.
36d40bb223fb9220d5a89c5299a98849;Eukaryota; Obazoa; Opisthokonta; Fungi; Fungi_X; Fungi_XX; Fungi_XXX; Fungi_XXXX; Fungi_XXXX_sp.
7743b2053a392e844ad760adc643e7dc;Eukaryota; Obazoa; Opisthokonta; Fungi; Fungi_X; Fungi_XX; Fungi_XXX; Fungi_XXXX; Fungi_XXXX_sp.
95e77b0d142d67757940f70905a42d9e;Eukaryota; Obazoa; Opisthokonta; Fungi; Fungi_X; Fungi_XX; Fungi_XXX; Fungi_XXXX; Fungi_XXXX_sp.
7ea069594ef53fe39edc42e59c6c7035;Eukaryota; Obazoa; Opisthokonta; Fungi; Fungi_X; Fungi_XX; Fungi_XXX; Fungi_XXXX; Fungi_XXXX_sp.
3a71256d8fb54116cc2fe15d1c6eb99a;Eukaryota; Obazoa; Opisthokonta; Fungi; Fungi_X; Fungi_XX; Fungi_XXX; Fungi_XXXX; Fungi_XXXX_sp.
dd12de03cd09e2ddf2c94a38c819be42;Eukaryota; Obazoa; Opisthokonta; Fungi; Fungi_X; Fungi_XX; Fungi_XXX; Fungi_XXXX; Fungi_XXXX_sp.
dca1ad22b4025c69553d72377b0b26dc;Eukaryota; Obazoa; Opisthokonta; Fungi; Fungi_X; Fungi_XX; Fungi_XXX; Fungi_XXXX; Fungi_XXXX_sp.
c1bb160a0fede22faab8597ee3c4b503;Eukaryota; Obazoa; Opisthokonta; Fungi; Fungi_X; Fungi_XX; Fungi_XXX; Fungi_XXXX; Fungi_XXXX_sp.
fe510f10d943c4c3d0e7cb76f50d5c6f;Eukaryota; Obazoa; Opisthokonta; Fungi; Fungi_X; Fungi_XX; Fungi_XXX; Fungi_XXXX; Fungi_XXXX_sp.
30dcd7814231b52205c1582aa45f7ef7;Eukaryota; Obazoa; Opisthokonta; Fungi; Fungi_X; Fungi_XX; Fungi_XXX; Fungi_XXXX; Fungi_XXXX_sp.
c72b08f94e726392fc38387ccd3c9803;Eukaryota; Obazoa; Opisthokonta; Fungi; Fungi_X; Fungi_XX; Fungi_XXX; Fungi_XXXX; Fungi_XXXX_sp.
2cb95d8297cf20d0acffb0b9f937e111;Eukaryota; Obazoa; Opisthokonta; Fungi; Fungi_X; Fungi_XX; Fungi_XXX; Fungi_XXXX; Fungi_XXXX_sp.
5c92620babe76fab8a28deb8bc3f1f45;Eukaryota; Obazoa; Opisthokonta; Fungi; Fungi_X; Fungi_XX; Fungi_XXX; Fungi_XXXX; Fungi_XXXX_sp.
df128f99278cee0179cec4e6c3bf6ab6;Eukaryota; Obazoa; Opisthokonta; Fungi; Fungi_X; Fungi_XX; Fungi_XXX; Fungi_XXXX; Fungi_XXXX_sp.
1aa3724f384cc57052fb2b82b2a89f5a;Eukaryota; Obazoa; Opisthokonta; Fungi; Fungi_X; Fungi_XX; Fungi_XXX; Fungi_XXXX; Fungi_XXXX_sp.
4cf43ab0d230c98f8ec2e0d6c17bf06b;Eukaryota; Obazoa; Opisthokonta; Fungi; Fungi_X; Fungi_XX; Fungi_XXX; Fungi_XXXX; Fungi_XXXX_sp.
779eaa57dc5bdcf55775e3d27c7c5407;Eukaryota; Obazoa; Opisthokonta; Fungi; Fungi_X; Fungi_XX; Fungi_XXX; Fungi_XXXX; Fungi_XXXX_sp.
a881f43e1a45fa67d761d5591e9b5a7b;Eukaryota; Obazoa; Opisthokonta; Fungi; Fungi_X; Fungi_XX; Fungi_XXX; Fungi_XXXX; Fungi_XXXX_sp.
6022f59707d18e56d06c13e7c0c0ab13;Eukaryota; Obazoa; Opisthokonta; Fungi; Fungi_X; Fungi_XX; Fungi_XXX; Fungi_XXXX; Fungi_XXXX_sp.
3ee93d31c57029a5aa962672d805cd91;Eukaryota; Obazoa; Opisthokonta; Fungi; Fungi_X; Fungi_XX; Fungi_XXX; Fungi_XXXX; Fungi_XXXX_sp.
e79a1048a8a516f203bde92d426be52d;Eukaryota; Obazoa; Opisthokonta; Fungi; Fungi_X; Fungi_XX; Fungi_XXX; Fungi_XXXX; Fungi_XXXX_sp.
07090e70c324e2dfc5749904cd5b30af;Eukaryota; Obazoa; Opisthokonta; Fungi; Fungi_X; Fungi_XX; Fungi_XXX; Fungi_XXXX; Fungi_XXXX_sp.
163f0666c7f0b6cda58d4fce4b4143dd;Eukaryota; Obazoa; Opisthokonta; Fungi; Fungi_X; Fungi_XX; Fungi_XXX; Fungi_XXXX; Fungi_XXXX_sp.
a15c983a571e596c39a1656346f6c4fc;Eukaryota; Obazoa; Opisthokonta; Fungi; Fungi_X; Fungi_XX; Fungi_XXX; Fungi_XXXX; Fungi_XXXX_sp.
07531224ac3eb4641d47c24bc900e9eb;Eukaryota; Obazoa; Opisthokonta; Fungi; Fungi_X; Fungi_XX; Fungi_XXX; Fungi_XXXX; Fungi_XXXX_sp.
668fe0470a746ce007c7a6ff388ecebc;Eukaryota; Obazoa; Opisthokonta; Fungi; Fungi_X; Fungi_XX; Fungi_XXX; Fungi_XXXX; Fungi_XXXX_sp.
31242c5e5dfc7f18ea79227f479bedd3;Eukaryota; Obazoa; Opisthokonta; Fungi; Fungi_X; Fungi_XX; Fungi_XXX; Fungi_XXXX; Fungi_XXXX_sp.
94e72d467b7eddd564daf5c28c7f1962;Eukaryota; Obazoa; Opisthokonta; Fungi; Fungi_X; Fungi_XX; Fungi_XXX; Fungi_XXXX; Fungi_XXXX_sp.
c556ec5193ad4c486b290cd279dcd315;Eukaryota; Obazoa; Opisthokonta; Fungi; Fungi_X; Fungi_XX; Fungi_XXX; Fungi_XXXX; Fungi_XXXX_sp.
dbee5c2e0d430f6cee23fdabcee64b99;Eukaryota; Obazoa; Opisthokonta; Fungi; Fungi_X; Fungi_XX; Fungi_XXX; Fungi_XXXX; Fungi_XXXX_sp.
73f86b2484196079a6d799ba3ce465c3;Eukaryota; Obazoa; Opisthokonta; Fungi; Fungi_X; Fungi_XX; Fungi_XXX; Fungi_XXXX; Fungi_XXXX_sp.
b65d21ac5b8683d433adb8aa3f22e361;Eukaryota; Obazoa; Opisthokonta; Fungi; Fungi_X; Fungi_XX; Fungi_XXX; Fungi_XXXX; Fungi_XXXX_sp.
478be2b2d956a9a1e788f6168cefdf50;Eukaryota; Obazoa; Opisthokonta; Fungi; Fungi_X; Fungi_XX; Fungi_XXX; Fungi_XXXX; Fungi_XXXX_sp.
7cd0908f41f4918fd86d8b161cdb0be9;Eukaryota; Obazoa; Opisthokonta; Fungi; Fungi_X; Fungi_XX; Fungi_XXX; Fungi_XXXX; Fungi_XXXX_sp.
ec4f58d2592348a76466fb2640a115af;Eukaryota; Obazoa; Opisthokonta; Fungi; Fungi_X; Fungi_XX; Fungi_XXX; Fungi_XXXX; Fungi_XXXX_sp.
53dfd1536162d9aa9d901f8a1ae8a717;Eukaryota; Obazoa; Opisthokonta; Fungi; Fungi_X; Fungi_XX; Fungi_XXX; Fungi_XXXX; Fungi_XXXX_sp.
c8ff46b9cba287370dacdf6c6db919c6;Eukaryota; Obazoa; Opisthokonta; Fungi; Fungi_X; Fungi_XX; Fungi_XXX; Fungi_XXXX; Fungi_XXXX_sp.
b3a67754ed8682f83a6a62b39216f0a9;Eukaryota; Obazoa; Opisthokonta; Fungi; Fungi_X; Fungi_XX; Fungi_XXX; Fungi_XXXX; Fungi_XXXX_sp.
e371c39fbbeb08de6e517a1165684537;Eukaryota; Obazoa; Opisthokonta; Fungi; Fungi_X; Fungi_XX; Fungi_XXX; Fungi_XXXX; Fungi_XXXX_sp.
0585aaebc2352ed7f8e9625ab8e18d6a;Eukaryota; Obazoa; Opisthokonta; Fungi; Fungi_X; Fungi_XX; Fungi_XXX; Fungi_XXXX; Fungi_XXXX_sp.
5b5c285393918a1d90f2b83bebdc24a3;Eukaryota; Obazoa; Opisthokonta; Fungi; Fungi_X; Fungi_XX; Fungi_XXX; Fungi_XXXX; Fungi_XXXX_sp.
a7e41b62f81a06936f8ddb389ddf3054;Eukaryota; Obazoa; Opisthokonta; Fungi; Fungi_X; Fungi_XX; Fungi_XXX; Fungi_XXXX; Fungi_XXXX_sp.
4a2ea0e3df76e941c89f4b667d740285;Eukaryota; Obazoa; Opisthokonta; Fungi; Fungi_X; Fungi_XX; Fungi_XXX; Fungi_XXXX; Fungi_XXXX_sp.
780aef0d1ae2a8fd0a6013bd92703a0e;Eukaryota; Obazoa; Opisthokonta; Fungi; Fungi_X; Fungi_XX; Fungi_XXX; Fungi_XXXX; Fungi_XXXX_sp.
ed649741e46fd9b214e3f1222b5a207d;Eukaryota; Obazoa; Opisthokonta; Fungi; Fungi_X; Fungi_XX; Fungi_XXX; Fungi_XXXX; Fungi_XXXX_sp.
247c1651fdbfd44ef5327afe392692ca;Eukaryota; Obazoa; Opisthokonta; Fungi; Fungi_X; Fungi_XX; Fungi_XXX; Fungi_XXXX; Fungi_XXXX_sp.
936114f32a55ddc345794285ebd41dac;Eukaryota; Obazoa; Opisthokonta; Fungi; Fungi_X; Fungi_XX; Fungi_XXX; Fungi_XXXX; Fungi_XXXX_sp.
2ec8943c6f7a4d9a2b158b5fc9bfb062;Eukaryota; Obazoa; Opisthokonta; Fungi; Fungi_X; Fungi_XX; Fungi_XXX; Fungi_XXXX; Fungi_XXXX_sp.
169f4f418c970ad3ae188419b9e47737;Eukaryota; Obazoa; Opisthokonta; Fungi; Fungi_X; Fungi_XX; Fungi_XXX; Fungi_XXXX; Fungi_XXXX_sp.
a12dde0a7c7774153f6f3a8f9bcda5f9;Eukaryota; Obazoa; Opisthokonta; Fungi; Fungi_X; Fungi_XX; Fungi_XXX; Fungi_XXXX; Fungi_XXXX_sp.
1c326516abe8abd0b514e60bfcdc475d;Eukaryota; Obazoa; Opisthokonta; Fungi; Fungi_X; Fungi_XX; Fungi_XXX; Fungi_XXXX; Fungi_XXXX_sp.
7a8bb448e597849797c6013d42ae11fd;Eukaryota; Obazoa; Opisthokonta; Fungi; Fungi_X; Fungi_XX; Fungi_XXX; Fungi_XXXX; Fungi_XXXX_sp.
9b0833a0a3c3db156873b57037a22562;Eukaryota; Obazoa; Opisthokonta; Fungi; Fungi_X; Fungi_XX; Fungi_XXX; Fungi_XXXX; Fungi_XXXX_sp.
c836ee68add0e4d7e9445ff88ff7fd25;Eukaryota; Obazoa; Opisthokonta; Fungi; Fungi_X; Fungi_XX; Fungi_XXX; Fungi_XXXX; Fungi_XXXX_sp.
c27b5ae48f32253e223f55624117b44b;Eukaryota; Obazoa; Opisthokonta; Fungi; Fungi_X; Fungi_XX; Fungi_XXX; Fungi_XXXX; Fungi_XXXX_sp.
064330f158df3e1c1dc2a43b1076caf9;Eukaryota; Obazoa; Opisthokonta; Fungi; Fungi_X; Fungi_XX; Fungi_XXX; Fungi_XXXX; Fungi_XXXX_sp.
772f664c27052789611705538fc5becd;Eukaryota; Obazoa; Opisthokonta; Fungi; Fungi_X; Fungi_XX; Fungi_XXX; Fungi_XXXX; Fungi_XXXX_sp.
28110f7903b70d3145b3154f518f8901;Eukaryota; Obazoa; Opisthokonta; Fungi; Fungi_X; Fungi_XX; Fungi_XXX; Fungi_XXXX; Fungi_XXXX_sp.
a44500c8ee64d6a1b7d544cd927c032a;Eukaryota; Obazoa; Opisthokonta; Fungi; Fungi_X; Fungi_XX; Fungi_XXX; Fungi_XXXX; Fungi_XXXX_sp.
39cb5f471df4f997dbf6d3f8c01d546f;Eukaryota; Obazoa; Opisthokonta; Fungi; Fungi_X; Fungi_XX; Fungi_XXX; Fungi_XXXX; Fungi_XXXX_sp.
bcfcf5a2d7163103cd4810bc3ae43d1f;Eukaryota; Obazoa; Opisthokonta; Fungi; Fungi_X; Fungi_XX; Fungi_XXX; Fungi_XXXX; Fungi_XXXX_sp.
d4f3afd80acc74b746181e37c4f765f4;Eukaryota; Obazoa; Opisthokonta; Fungi; Fungi_X; Fungi_XX; Fungi_XXX; Fungi_XXXX; Fungi_XXXX_sp.
3a5edca35963a70e5ae70f1a3a918602;Eukaryota; Obazoa; Opisthokonta; Fungi; Fungi_X; Fungi_XX; Fungi_XXX; Fungi_XXXX; Fungi_XXXX_sp.
0145dbd4c844d2180b52f969a95588e8;Eukaryota; Obazoa; Opisthokonta; Fungi; Fungi_X; Fungi_XX; Fungi_XXX; Fungi_XXXX; Fungi_XXXX_sp.
e6283448973f8b8406d0f0fb0727551e;Eukaryota; Obazoa; Opisthokonta; Fungi; Fungi_X; Fungi_XX; Fungi_XXX; Fungi_XXXX; Fungi_XXXX_sp.
c4c63693b8e0e9dec0752fe28fb4ca6e;Eukaryota; Obazoa; Opisthokonta; Fungi; Fungi_X; Fungi_XX; Fungi_XXX; Fungi_XXXX; Fungi_XXXX_sp.
574dbc38dc9e3d6cb5def582d571519c;Eukaryota; Obazoa; Opisthokonta; Fungi; Fungi_X; Fungi_XX; Fungi_XXX; Fungi_XXXX; Fungi_XXXX_sp.
43fe150e28fa20f3a42fe56807204f64;Eukaryota; Obazoa; Opisthokonta; Fungi; Fungi_X; Fungi_XX; Fungi_XXX; Fungi_XXXX; Fungi_XXXX_sp.
33f64e7c99ac1e4d23be9096e1a669d3;Eukaryota; Obazoa; Opisthokonta; Fungi; Fungi_X; Fungi_XX; Fungi_XXX; Fungi_XXXX; Fungi_XXXX_sp.
992190a2397253aa85c9e81f155a76ee;Eukaryota; Obazoa; Opisthokonta; Fungi; Fungi_X; Fungi_XX; Fungi_XXX; Fungi_XXXX; Fungi_XXXX_sp.
3e26fc69c60a8127dfcd283bff36c9f0;Eukaryota; Obazoa; Opisthokonta; Fungi; Fungi_X; Fungi_XX; Fungi_XXX; Fungi_XXXX; Fungi_XXXX_sp.
4a993653fc5fd2aac1303f7ee1d1b93d;Eukaryota; Obazoa; Opisthokonta; Fungi; Fungi_X; Fungi_XX; Fungi_XXX; Fungi_XXXX; Fungi_XXXX_sp.
4eb83ed370d42ab03d3bc7d689efb846;Eukaryota; Obazoa; Opisthokonta; Fungi; Fungi_X; Fungi_XX; Fungi_XXX; Fungi_XXXX; Fungi_XXXX_sp.
1c8c0f01f0200ff8bf05e7817c4ce4d8;Eukaryota; Obazoa; Opisthokonta; Fungi; Fungi_X; Fungi_XX; Fungi_XXX; Fungi_XXXX; Fungi_XXXX_sp.
d57a06dc523b96ead8b435fc61322cde;Eukaryota; Obazoa; Opisthokonta; Fungi; Fungi_X; Fungi_XX; Fungi_XXX; Fungi_XXXX; Fungi_XXXX_sp.
3288c0eff722336a2eaa37605c3c7e30;Eukaryota; Obazoa; Opisthokonta; Fungi; Fungi_X; Fungi_XX; Fungi_XXX; Fungi_XXXX; Fungi_XXXX_sp.
7717695786f1e0df9c57e8587a0aeb19;Eukaryota; Obazoa; Opisthokonta; Fungi; Fungi_X; Fungi_XX; Fungi_XXX; Fungi_XXXX; Fungi_XXXX_sp.
488d9cb024d3ad773cef2a517fed4d23;Eukaryota; Obazoa; Opisthokonta; Fungi; Fungi_X; Fungi_XX; Fungi_XXX; Fungi_XXXX; Fungi_XXXX_sp.
0419fccd78c4d418e59f730bd8721a43;Eukaryota; Obazoa; Opisthokonta; Fungi; Fungi_X; Fungi_XX; Fungi_XXX; Fungi_XXXX; Fungi_XXXX_sp.
7c7977e6d35c86e110151d37a8f2babc;Eukaryota; Obazoa; Opisthokonta; Fungi; Fungi_X; Fungi_XX; Fungi_XXX; Fungi_XXXX; Fungi_XXXX_sp.
61ab5d5d9cbe07e0d2bd6ea411d18200;Eukaryota; Obazoa; Opisthokonta; Fungi; Fungi_X; Fungi_XX; Fungi_XXX; Fungi_XXXX; Fungi_XXXX_sp.
157dff02f225d9f5544606e557a1ce0a;Eukaryota; Obazoa; Opisthokonta; Fungi; Fungi_X; Fungi_XX; Fungi_XXX; Fungi_XXXX; Fungi_XXXX_sp.
6b59b78a090d72fb297fea3c422b624a;Eukaryota; Obazoa; Opisthokonta; Fungi; Fungi_X; Fungi_XX; Fungi_XXX; Fungi_XXXX; Fungi_XXXX_sp.
63c716bebdddd574dedb21223f9f756b;Eukaryota; Obazoa; Opisthokonta; Fungi; Fungi_X; Fungi_XX; Fungi_XXX; Fungi_XXXX; Fungi_XXXX_sp.
5216103323252a890bdc784e32f11489;Eukaryota; Obazoa; Opisthokonta; Fungi; Fungi_X; Fungi_XX; Fungi_XXX; Fungi_XXXX; Fungi_XXXX_sp.
a405b8755a2c96fae34ebc7be1eaeff0;Eukaryota; Obazoa; Opisthokonta; Fungi; Fungi_X; Fungi_XX; Fungi_XXX; Fungi_XXXX; Fungi_XXXX_sp.
4da6a115185b8de7e13d5d70a54b79ed;Eukaryota; Obazoa; Opisthokonta; Fungi; Fungi_X; Fungi_XX; Fungi_XXX; Fungi_XXXX; Fungi_XXXX_sp.
d4d08890f4682b9e7963973304ece2d1;Eukaryota; Obazoa; Opisthokonta; Fungi; Fungi_X; Fungi_XX; Fungi_XXX; Fungi_XXXX; Fungi_XXXX_sp.
372c74057f3d7b969ebacceac595bad3;Eukaryota; Obazoa; Opisthokonta; Fungi; Fungi_X; Fungi_XX; Fungi_XXX; Fungi_XXXX; Fungi_XXXX_sp.
cab34da2508c007c090d5a3271cd88b4;Eukaryota; Obazoa; Opisthokonta; Fungi; Fungi_X; Fungi_XX; Fungi_XXX; Fungi_XXXX; Fungi_XXXX_sp.
c1b52a7afefa690fb458c2f40b6ad4aa;Eukaryota; Obazoa; Opisthokonta; Fungi; Fungi_X; Fungi_XX; Fungi_XXX; Fungi_XXXX; Fungi_XXXX_sp.
c8fa46550e3e6d45d7ceadc25b857740;Eukaryota; Obazoa; Opisthokonta; Fungi; Fungi_X; Fungi_XX; Fungi_XXX; Fungi_XXXX; Fungi_XXXX_sp.
e7211b0f0cf5e6ca3b7345c5bf7d6c59;Eukaryota; Obazoa; Opisthokonta; Fungi; Fungi_X; Fungi_XX; Fungi_XXX; Fungi_XXXX; Fungi_XXXX_sp.
f8177e920f3b8a31c54f295c1fb48332;Eukaryota; Obazoa; Opisthokonta; Fungi; Fungi_X; Fungi_XX; Fungi_XXX; Fungi_XXXX; Fungi_XXXX_sp.
1924a8ee870664253ecda24b4a80ae1f;Eukaryota; Obazoa; Opisthokonta; Fungi; Fungi_X; Fungi_XX; Fungi_XXX; Fungi_XXXX; Fungi_XXXX_sp.
8d00b14ff545041bf1b041e03c9d5e58;Eukaryota; Obazoa; Opisthokonta; Fungi; Fungi_X; Fungi_XX; Fungi_XXX; Fungi_XXXX; Fungi_XXXX_sp.
d40dd17c5da0b3cd903eaa8ea5880abb;Eukaryota; Obazoa; Opisthokonta; Fungi; Fungi_X; Fungi_XX; Fungi_XXX; Fungi_XXXX; Fungi_XXXX_sp.
73f8fe62f7814317f2a01a6be1430d17;Eukaryota; Obazoa; Opisthokonta; Fungi; Fungi_X; Fungi_XX; Fungi_XXX; Fungi_XXXX; Fungi_XXXX_sp.
f044a74a9c1e9a81c331008f1f7827b8;Eukaryota; Obazoa; Opisthokonta; Fungi; Fungi_X; Fungi_XX; Fungi_XXX; Fungi_XXXX; Fungi_XXXX_sp.
32609570744b0b2e42372342bfca0cf0;Eukaryota; Obazoa; Opisthokonta; Fungi; Fungi_X; Fungi_XX; Fungi_XXX; Fungi_XXXX; Fungi_XXXX_sp.
81c41d550364fcb60afd350e5ffd039f;Eukaryota; Obazoa; Opisthokonta; Fungi; Fungi_X; Fungi_XX; Fungi_XXX; Fungi_XXXX; Fungi_XXXX_sp.
10ff5693d52a186c766078db159e27e7;Eukaryota; Obazoa; Opisthokonta; Fungi; Fungi_X; Fungi_XX; Fungi_XXX; Fungi_XXXX; Fungi_XXXX_sp.
06d67f265e77f54709345b493c4c1d3f;Eukaryota; Obazoa; Opisthokonta; Fungi; Fungi_X; Fungi_XX; Fungi_XXX; Fungi_XXXX; Fungi_XXXX_sp.
665f52e6c73742c27e46bbea94caefdd;Eukaryota; Obazoa; Opisthokonta; Fungi; Fungi_X; Fungi_XX; Fungi_XXX; Fungi_XXXX; Fungi_XXXX_sp.
ca597dc93c37ec0d33f12f1ee92db0a6;Eukaryota; Obazoa; Opisthokonta; Fungi; Fungi_X; Fungi_XX; Fungi_XXX; Fungi_XXXX; Fungi_XXXX_sp.
eeda6ce3d1cc64fc27d13eb24cb7a91d;Eukaryota; Obazoa; Opisthokonta; Fungi; Fungi_X; Fungi_XX; Fungi_XXX; Fungi_XXXX; Fungi_XXXX_sp.
a909c955cdc6a115bbe8b899d28f0217;Eukaryota; Obazoa; Opisthokonta; Fungi; Fungi_X; Fungi_XX; Fungi_XXX; Fungi_XXXX; Fungi_XXXX_sp.
431b9c762a45057def93ae75785d455f;Eukaryota; Obazoa; Opisthokonta; Fungi; Fungi_X; Fungi_XX; Fungi_XXX; Fungi_XXXX; Fungi_XXXX_sp.
a63c930d8e294425d64674a37ed03b14;Eukaryota; Obazoa; Opisthokonta; Fungi; Fungi_X; Fungi_XX; Fungi_XXX; Fungi_XXXX; Fungi_XXXX_sp.
d4f3fa0341688bc36b9043a72e3be2b7;Eukaryota; Obazoa; Opisthokonta; Fungi; Fungi_X; Fungi_XX; Fungi_XXX; Fungi_XXXX; Fungi_XXXX_sp.
3dfa6e5a7f8a04e59bbfb85e2ecab8d7;Eukaryota; Obazoa; Opisthokonta; Fungi; Fungi_X; Fungi_XX; Fungi_XXX; Fungi_XXXX; Fungi_XXXX_sp.
5a69d786ec6df8056b842aba1dc13153;Eukaryota; Obazoa; Opisthokonta; Fungi; Fungi_X; Fungi_XX; Fungi_XXX; Fungi_XXXX; Fungi_XXXX_sp.
a2c2d0dee9fe0d5bf37e9851da832696;Eukaryota; Obazoa; Opisthokonta; Fungi; Fungi_X; Fungi_XX; Fungi_XXX; Fungi_XXXX; Fungi_XXXX_sp.
1ba85015ad972eafa5969e1298788b26;Eukaryota; Obazoa; Opisthokonta; Fungi; Fungi_X; Fungi_XX; Fungi_XXX; Fungi_XXXX; Fungi_XXXX_sp.
827e9280368f4b85ffafef36588a5e9e;Eukaryota; Obazoa; Opisthokonta; Fungi; Fungi_X; Fungi_XX; Fungi_XXX; Fungi_XXXX; Fungi_XXXX_sp.
cc1521f954615a59e43369bb4377018c;Eukaryota; Obazoa; Opisthokonta; Fungi; Fungi_X; Fungi_XX; Fungi_XXX; Fungi_XXXX; Fungi_XXXX_sp.
ec2d25ac6343f9dc7453d6c53c0ee790;Eukaryota; Obazoa; Opisthokonta; Fungi; Fungi_X; Fungi_XX; Fungi_XXX; Fungi_XXXX; Fungi_XXXX_sp.
08f41f96efc8d7ebc3ab0a94e5ec8abe;Eukaryota; Obazoa; Opisthokonta; Fungi; Fungi_X; Fungi_XX; Fungi_XXX; Fungi_XXXX; Fungi_XXXX_sp.
965eb78f6283559973adccd51ab62622;Eukaryota; Obazoa; Opisthokonta; Fungi; Fungi_X; Fungi_XX; Fungi_XXX; Fungi_XXXX; Fungi_XXXX_sp.
6ccc5b95f20fea318eb213c0e170872c;Eukaryota; Obazoa; Opisthokonta; Fungi; Fungi_X; Fungi_XX; Fungi_XXX; Fungi_XXXX; Fungi_XXXX_sp.
07ed80b7b8be3ca87be0dac5bed3b6fe;Eukaryota; Obazoa; Opisthokonta; Fungi; Fungi_X; Fungi_XX; Fungi_XXX; Fungi_XXXX; Fungi_XXXX_sp.
8b564776ab83d2c7596a54f4c354dc56;Eukaryota; Obazoa; Opisthokonta; Fungi; Fungi_X; Fungi_XX; Fungi_XXX; Fungi_XXXX; Fungi_XXXX_sp.
7060d9e04af0d655541f968208f2dcfa;Eukaryota; Obazoa; Opisthokonta; Fungi; Fungi_X; Fungi_XX; Fungi_XXX; Fungi_XXXX; Fungi_XXXX_sp.
f8e584cc6ba2c3eb939fc6fd3bf33bf4;Eukaryota; Obazoa; Opisthokonta; Fungi; Fungi_X; Fungi_XX; Fungi_XXX; Fungi_XXXX; Fungi_XXXX_sp.
c56ceb5b25c94475581d904a87d2ad14;Eukaryota; Obazoa; Opisthokonta; Fungi; Fungi_X; Fungi_XX; Fungi_XXX; Fungi_XXXX; Fungi_XXXX_sp.
b70303976ddf0ad1131f80fe446d3c70;Eukaryota; Obazoa; Opisthokonta; Fungi; Fungi_X; Fungi_XX; Fungi_XXX; Fungi_XXXX; Fungi_XXXX_sp.
d182adc1c787a4e20e5159903748b89b;Eukaryota; Obazoa; Opisthokonta; Fungi;;;;;
5ad32552c986f3eba8777ea102118690;Eukaryota; Obazoa; Opisthokonta; Fungi;;;;;
0556653a431b511b9da0c8f745bafb11;Eukaryota; Obazoa; Opisthokonta; Fungi;;;;;
c2e3c67d5a2a95c138205fd3b799a0dd;Eukaryota; Obazoa; Opisthokonta; Fungi;;;;;
c52fd97aad5fde62b22902692928bf84;Eukaryota; Obazoa; Opisthokonta; Fungi;;;;;
fd81ded0827e7b76efb7c21cd9663733;Eukaryota; Obazoa; Opisthokonta; Fungi;;;;;
fc566f744e7e328ec6d7e7b0eb047299;Eukaryota; Obazoa; Opisthokonta; Fungi;;;;;
62646932185128669831b646f62f9230;Eukaryota; Obazoa; Opisthokonta; Fungi;;;;;
ec976e42ae0e2b99d944283251442db5;Eukaryota; Obazoa; Opisthokonta; Fungi;;;;;
c98b031c509e16965054aa56e63e9dae;Eukaryota; Obazoa; Opisthokonta; Fungi;;;;;
bb2104d13591a0a3f44ee6c0a2f3eab1;Eukaryota; Obazoa; Opisthokonta; Fungi;;;;;
3bc7ecdda27d22b55a948da9a5845c67;Eukaryota; Obazoa; Opisthokonta; Fungi;;;;;
b41a1cebe2106dcef685a0bf043f2fa1;Eukaryota; Obazoa; Opisthokonta; Fungi;;;;;
8a4c6c8461e12001185f7a6e614c9c0d;Eukaryota; Obazoa; Opisthokonta; Fungi;;;;;
fe1aa0630a6815ef606a4c017f9571a8;Eukaryota; Obazoa; Opisthokonta; Fungi;;;;;
4747a675e917087e2aa22a6d3a3adc48;Eukaryota; Obazoa; Opisthokonta; Fungi;;;;;
4986865a5e9f0d904f782ddfd6813950;Eukaryota; Obazoa; Opisthokonta; Fungi;;;;;
dcad0d1852dc4bd2e7108df38f3be77a;Eukaryota; Obazoa; Opisthokonta; Fungi;;;;;
acfba624d9793d4805cd1189aa782679;Eukaryota; Obazoa; Opisthokonta; Fungi;;;;;
e38b7179238fa974cab3a1916bf5bf1d;Eukaryota; Obazoa; Opisthokonta; Fungi;;;;;
23307f5177bc89a3e04d04332091bb26;Eukaryota; Obazoa; Opisthokonta; Fungi;;;;;
a2ad1b97b5a2ad434d1f6eb54413e984;Eukaryota; Obazoa; Opisthokonta; Fungi;;;;;
8d2b3fa9bfbe6e8dda0965a6abbbbac8;Eukaryota; Obazoa; Opisthokonta; Fungi;;;;;
69656e6149c3e6bca542bdfa59c6903e;Eukaryota; Obazoa; Opisthokonta; Fungi;;;;;
b4e1bfa22c1938114bc7606c3e9547f5;Eukaryota; Obazoa; Opisthokonta; Fungi;;;;;
c2eba211445a993143df55644439795a;Eukaryota; Obazoa; Opisthokonta; Fungi;;;;;
05bcdf4f8e71befcc1ef18989ab1b5b7;Eukaryota; Obazoa; Opisthokonta; Fungi;;;;;
629a07813a0bd90804593ae41a869e8f;Eukaryota; Obazoa; Opisthokonta; Fungi;;;;;
9c904d66c77589acc3f6ac5a8bd0616c;Eukaryota; Obazoa; Opisthokonta; Fungi;;;;;
59e51a05f102687b90fbaba8c7f6e097;Eukaryota; Obazoa; Opisthokonta; Fungi;;;;;
5d806b9ca623cb4ffab6bed3dc500ffa;Eukaryota; Obazoa; Opisthokonta; Fungi;;;;;
debc1aa92ec76ddba141073e208f6ac7;Eukaryota; Obazoa; Opisthokonta; Fungi;;;;;
7610ec91093e089f8ff12714c0be1488;Eukaryota; Obazoa; Opisthokonta; Fungi;;;;;
22f5b71a77fd327ed78e90f95ceafbd2;Eukaryota; Obazoa; Opisthokonta; Fungi;;;;;
54ed90339b0e69e7ca310a37aa30af1f;Eukaryota; Obazoa; Opisthokonta; Fungi;;;;;
1894475ea113e1d67ecd66745f86eaa3;Eukaryota; Obazoa; Opisthokonta; Fungi;;;;;
118c4c7dde616693ae85689b1a46af4b;Eukaryota; Obazoa; Opisthokonta; Fungi;;;;;
aa97c33f93b8bdffb8089b679aa8f9cd;Eukaryota; Obazoa; Opisthokonta; Fungi;;;;;
8bae60df0fbdce4a4fd4261f510f7ced;Eukaryota; Obazoa; Opisthokonta; Fungi;;;;;
6104e7c74646a9df1d3f4ccd2061e9ca;Eukaryota; Obazoa; Opisthokonta; Fungi;;;;;
a88d2fa1cac63cdf67bb1b38ca21b504;Eukaryota; Obazoa; Opisthokonta; Fungi;;;;;
e1e68ad17f36a07bb226230ba815ec0c;Eukaryota; Obazoa; Opisthokonta; Fungi;;;;;
6c34cce2f34ef1865e2930cd4fbc506b;Eukaryota; Obazoa; Opisthokonta; Fungi;;;;;
51420bbca5f19668556727268a489033;Eukaryota; Obazoa; Opisthokonta; Fungi;;;;;
8f272c8eec2d90e5d34252245ea6a081;Eukaryota; Obazoa; Opisthokonta; Fungi;;;;;
4b2dcd365056ca83bb4d24ccad3a1250;Eukaryota; Obazoa; Opisthokonta; Fungi;;;;;
9ba953211d6147014b03a83578fe9a76;Eukaryota; Obazoa; Opisthokonta; Fungi;;;;;
61184b10a2d3e3ccc1af60f2d5383bc0;Eukaryota; Obazoa; Opisthokonta; Fungi;;;;;
ffab0eeb73bda619fbd9d5dfc99b63f3;Eukaryota; Obazoa; Opisthokonta; Fungi;;;;;
2831a7792fdc414108aec27986e51970;Eukaryota; Obazoa; Opisthokonta; Fungi;;;;;
77a2021f9ca2238020d6650a63924659;Eukaryota; Obazoa; Opisthokonta; Fungi;;;;;
82e85c84ff81c92e6a0cc7e8f0ab760b;Eukaryota; Obazoa; Opisthokonta; Fungi;;;;;
cd3957ce20e67a3406c382fc69ca9a4c;Eukaryota; Obazoa; Opisthokonta; Fungi;;;;;
1bc90d33a80f882b078cba706ee63fb4;Eukaryota; Obazoa; Opisthokonta; Fungi;;;;;
49c7f247449ceba874c73793d5524c43;Eukaryota; Obazoa; Opisthokonta; Fungi;;;;;
0181ef4902779f677faa7769502db07c;Eukaryota; Obazoa; Opisthokonta; Fungi;;;;;
291ec17d3f789ec97b6aae832476a971;Eukaryota; Obazoa; Opisthokonta; Fungi;;;;;
9049357c68809a83b777225523a6f326;Eukaryota; Obazoa; Opisthokonta; Fungi;;;;;
6c4d2ce6c4ecd7b3345c8572ff008aa1;Eukaryota; Obazoa; Opisthokonta; Fungi;;;;;
59d865af21dc74e37261b8f26ca75465;Eukaryota; Obazoa; Opisthokonta; Fungi;;;;;
45b7ef44362f2dd491e0e8f914d26d49;Eukaryota; Obazoa; Opisthokonta; Fungi;;;;;
8319d5e95110ebe412f6ec82475cf112;Eukaryota; Obazoa; Opisthokonta; Fungi;;;;;
ffb9619903d84286ebd79bb1ab8cf35c;Eukaryota; Obazoa; Opisthokonta; Fungi;;;;;
6090983c7b3437984f36cfd31b4633b2;Eukaryota; Obazoa; Opisthokonta; Fungi;;;;;
b997155ff76cf208c52d386b435bd3b6;Eukaryota; Obazoa; Opisthokonta; Fungi;;;;;
5eae7c581e47dee654158ec4c5652efc;Eukaryota; Obazoa; Opisthokonta; Fungi;;;;;
b5993627584e1365964fa19d6e61eac5;Eukaryota; Obazoa; Opisthokonta; Fungi;;;;;
096bb2ddf56953682b5172d164ed42fc;Eukaryota; Obazoa; Opisthokonta; Fungi;;;;;
1d190a57dcf743b9bc528eb0af12b5f9;Eukaryota; Obazoa; Opisthokonta; Fungi;;;;;
269ab2f8d5c6c85cca7fd72fe6c187db;Eukaryota; Obazoa; Opisthokonta; Fungi;;;;;
2f9be966f971547620db6e25e1df45b5;Eukaryota; Obazoa; Opisthokonta; Fungi;;;;;
a29a2f250b0c62d09bf0a66449c7bda6;Eukaryota; Obazoa; Opisthokonta; Fungi;;;;;
dcc118fc00a7a980e0899c02cac50d74;Eukaryota; Obazoa; Opisthokonta; Fungi;;;;;
37c8f49e6e8b30184f4d7a1980bef59a;Eukaryota; Obazoa; Opisthokonta; Fungi;;;;;
20bc4b2ca8f813307664a714657c4820;Eukaryota; Obazoa; Opisthokonta; Fungi;;;;;
a7b8d487955b3a96f1550f0137498aac;Eukaryota; Obazoa; Opisthokonta; Fungi;;;;;
5e376830bc8abaad75ea6c3885acf6b2;Eukaryota; Obazoa; Opisthokonta; Fungi;;;;;
ab8e583bd4db888509a7c133f70c4e2a;Eukaryota; Obazoa; Opisthokonta; Fungi;;;;;
23b2a03ea3ebbeba278dbbdb843c5585;Eukaryota; Obazoa; Opisthokonta; Fungi;;;;;
be69983ebd3cf5e4170068f00f77d555;Eukaryota; Obazoa; Opisthokonta; Fungi;;;;;
8aa3071ea6954a383a0200630787d020;Eukaryota; Obazoa; Opisthokonta; Fungi;;;;;
9d3180900b4ad603d417527a022951a1;Eukaryota; Obazoa; Opisthokonta; Fungi;;;;;
917682c33ec5de69ca550c8f235438c2;Eukaryota; Obazoa; Opisthokonta; Fungi;;;;;
c6eb13f62f8e520ea0b80a52cfa0c426;Eukaryota; Obazoa; Opisthokonta; Fungi;;;;;
7cf56a434a73f49b9a66cf6a117cd688;Eukaryota; Obazoa; Opisthokonta; Fungi;;;;;
8b4d2c4e76f54493fda7e53899d8b6fa;Eukaryota; Obazoa; Opisthokonta; Fungi;;;;;
bac509a0fc57a16d73c061f1fd7303ee;Eukaryota; Obazoa; Opisthokonta; Fungi;;;;;
f85eb29c6b2a29b87dc0f5e3af8d262b;Eukaryota; Obazoa; Opisthokonta; Fungi;;;;;
a63b6f24308f655af3d5bc02adf47ed8;Eukaryota; Obazoa; Opisthokonta; Fungi;;;;;
a4d53c6f7a56e965948856a0ec401b7f;Eukaryota; Obazoa; Opisthokonta; Fungi;;;;;
82161a87405d224664d948d6213f059a;Eukaryota; Obazoa; Opisthokonta; Fungi;;;;;
2ab002c6d706da75c6b56285664eaced;Eukaryota; Obazoa; Opisthokonta; Fungi;;;;;
1da30c93947dbe1a8e434a3f06b6247c;Eukaryota; Obazoa; Opisthokonta; Fungi;;;;;
615819ce39abfa2398cd73a446a174a7;Eukaryota; Obazoa; Opisthokonta; Fungi;;;;;
2d66b24b2ad3ec588fd6574248de7e83;Eukaryota; Obazoa; Opisthokonta; Fungi;;;;;
385c65cd3bae857b0c177bf7e6ff101a;Eukaryota; Obazoa; Opisthokonta; Fungi;;;;;
a362db73cfdd3ed3725601e3b99f649b;Eukaryota; Obazoa; Opisthokonta; Fungi;;;;;
d5e97875434fce8849606c6ffb960582;Eukaryota; Obazoa; Opisthokonta; Fungi;;;;;
e1102ac8452892b76f836266048a1332;Eukaryota; Obazoa; Opisthokonta; Fungi;;;;;
4fb838a56d912fea16cf063d4140b3f5;Eukaryota; Obazoa; Opisthokonta; Fungi;;;;;
979e83a2bb836acd2e7ce3ef9b48daab;Eukaryota; Obazoa; Opisthokonta; Fungi;;;;;
b99ea7e904ff37d3a8da7f87d1f68204;Eukaryota; Obazoa; Opisthokonta; Fungi;;;;;
6d29b2c48937cbe7080b55e114719b88;Eukaryota; Obazoa; Opisthokonta; Fungi;;;;;
3007b33d50f9f13ab8e295d6f8169614;Eukaryota; Obazoa; Opisthokonta; Fungi;;;;;
d9d93b0f015b0fd00f75e87c1965a0ee;Eukaryota; Obazoa; Opisthokonta; Fungi;;;;;
7c60223cb858d1576f4073568b741f50;Eukaryota; Obazoa; Opisthokonta; Fungi;;;;;
2070888fa067d856c0b7fa1a2791a78e;Eukaryota; Obazoa; Opisthokonta; Fungi;;;;;
29879396d8a00935b03712d495d5cb4b;Eukaryota; Obazoa; Opisthokonta; Fungi;;;;;
16e30a79202c7b9d98b5d66b4efbcdb4;Eukaryota; Obazoa; Opisthokonta; Fungi;;;;;
97a350e49d044c07631eac8f08561e74;Eukaryota; Obazoa; Opisthokonta; Fungi;;;;;
790a7caf23948614fb6caa456b587dd9;Eukaryota; Obazoa; Opisthokonta; Fungi;;;;;
2be30960009f5539f81ad6251ff64af4;Eukaryota; Obazoa; Opisthokonta; Fungi;;;;;
14b82b54a854af286c7aa0a77a5021ec;Eukaryota; Obazoa; Opisthokonta; Fungi;;;;;
8e3cacd20dece9532b4c276cca400462;Eukaryota; Obazoa; Opisthokonta; Fungi;;;;;
aeab26d809dec69221eccf588d9d3415;Eukaryota; Obazoa; Opisthokonta; Fungi;;;;;
3835c48bd755ccd9676baea9c4c23d69;Eukaryota; Obazoa; Opisthokonta; Fungi;;;;;
c135b0bb7fe5e2905cfe169e85c60cbb;Eukaryota; Obazoa; Opisthokonta; Fungi;;;;;
e22b76c84d8b12ee3739d3fa4a181f2b;Eukaryota; Obazoa; Opisthokonta; Fungi;;;;;
f70f970f7236af9bd852294a95766c4f;Eukaryota; Obazoa; Opisthokonta; Fungi;;;;;
4064b10847477ad9145321cf2862ec7e;Eukaryota; Obazoa; Opisthokonta; Fungi;;;;;
b99deb9b03ff30a5cf7c6b10be992bad;Eukaryota; Obazoa; Opisthokonta; Fungi;;;;;
8ed648b44aafbb045e114989eb793d52;Eukaryota; Obazoa; Opisthokonta; Fungi;;;;;
0e6d96c162360ce065ededabc940f0b5;Eukaryota; Obazoa; Opisthokonta; Fungi;;;;;
8fbb97470938611a0efdbddee8be28e1;Eukaryota; Obazoa; Opisthokonta; Fungi;;;;;
a0f73b6dce03c04a0383044c2b826ebb;Eukaryota; Obazoa; Opisthokonta; Fungi;;;;;
24fe33b4fc3447c9529cea934df1b479;Eukaryota; Obazoa; Opisthokonta; Fungi;;;;;
8b7c5df246d3bb361581add64a7a5286;Eukaryota; Obazoa; Opisthokonta; Fungi;;;;;
4bf62190c4e439996bab599066ac2926;Eukaryota; Obazoa; Opisthokonta; Fungi;;;;;
f79988f84b333e403f7d4a62959f8d70;Eukaryota; Obazoa; Opisthokonta; Fungi;;;;;
3accc2316ba91b79360d9b3d5f2ab955;Eukaryota; Obazoa; Opisthokonta; Fungi;;;;;
153f8696409b895159a4bb100a117932;Eukaryota; Obazoa; Opisthokonta; Fungi;;;;;
8d7a3ff8e96406ccda6dd6634df62cf9;Eukaryota; Obazoa; Opisthokonta; Fungi;;;;;
566fdb954c062666f21a5df0bb6efedf;Eukaryota; Obazoa; Opisthokonta; Fungi;;;;;
7aad9d2c1e0073ce1b6589b1ea1ab59c;Eukaryota; Obazoa; Opisthokonta; Fungi;;;;;
c95c6624573cb04c6abfaa23599a4b1a;Eukaryota; Obazoa; Opisthokonta; Fungi;;;;;
54202eead141d6b6d3cde07a0eeba026;Eukaryota; Obazoa; Opisthokonta; Fungi;;;;;
d6cc0c51b18d272f79ddef1be2ac5f14;Eukaryota; Obazoa; Opisthokonta; Fungi;;;;;
35b993f40186f97b7d2982b0f3972490;Eukaryota; Obazoa; Opisthokonta; Fungi;;;;;
9c4be024316966a143fff6872bd182a5;Eukaryota; Obazoa; Opisthokonta; Fungi;;;;;
8f6efd6423c75bca6bf254ff12ea7a9a;Eukaryota; Obazoa; Opisthokonta; Fungi;;;;;
cdb5d05bcd192ac2032850d0e33e3ab4;Eukaryota; Obazoa; Opisthokonta; Fungi;;;;;
27364d6e94597982c150045b9f98aa78;Eukaryota; Obazoa; Opisthokonta; Fungi;;;;;
7b3a8749df59db8b70aaffd4acb3ae56;Eukaryota; Obazoa; Opisthokonta; Fungi;;;;;
1483ce6a1d5a6a5440897ba9eb507e36;Eukaryota; Obazoa; Opisthokonta; Fungi;;;;;
687c10a2c63bf968f3bc0dece1be51e8;Eukaryota; Obazoa; Opisthokonta; Fungi;;;;;
0f2a19e7296d67eab5d3177ef513bdf5;Eukaryota; Obazoa; Opisthokonta; Fungi;;;;;
a5ef7e2b694852ad3ee8177c398b0813;Eukaryota; Obazoa; Opisthokonta; Fungi;;;;;
9934a46096c555b3e4106cf4e3e1fb42;Eukaryota; Obazoa; Opisthokonta; Fungi;;;;;
813a37c35cf5c94c2bb3f3ad7848d627;Eukaryota; Obazoa; Opisthokonta; Fungi;;;;;
2e0eaafff73432ad84a51f6a4adce193;Eukaryota; Obazoa; Opisthokonta; Fungi;;;;;
673bfba5222e61bd9902322c3e0e82ba;Eukaryota; Obazoa; Opisthokonta; Fungi;;;;;
be6c1fd5063c07123f7b35e9000b10e5;Eukaryota; Obazoa; Opisthokonta; Fungi;;;;;
be84df681e516887e2b6cba11253184a;Eukaryota; Obazoa; Opisthokonta; Fungi;;;;;
3a5f4bcdb07a4815c80ba434fab52228;Eukaryota; Obazoa; Opisthokonta; Fungi;;;;;
03f3f39148bb1793a067fec223ec5109;Eukaryota; Obazoa; Opisthokonta; Fungi;;;;;
b218ab9e723a20fc73cbca516b9e54d8;Eukaryota; Obazoa; Opisthokonta; Fungi;;;;;
6bce3978423eec12a2458b9118ba308b;Eukaryota; Obazoa; Opisthokonta; Fungi;;;;;
e18b4cd61b170687e4ae19d1083dbd98;Eukaryota; Obazoa; Opisthokonta; Fungi;;;;;
614c6c3cbf18ef2d309e43787d82d71a;Eukaryota; Obazoa; Opisthokonta; Fungi;;;;;
707c2a82b8d579df08763f58b60b2c44;Eukaryota; Obazoa; Opisthokonta; Fungi;;;;;
1610d60d3b9c3d2d6933b756f71fcfad;Eukaryota; Obazoa; Opisthokonta; Fungi;;;;;
90d4ea702b29729a7a780796bf4ea093;Eukaryota; Obazoa; Opisthokonta; Fungi;;;;;
fedae960cb92574b52ddfb4eea4cf635;Eukaryota; Obazoa; Opisthokonta; Fungi;;;;;
0545b2141817d435fee5a8778ce7434e;Eukaryota; Obazoa; Opisthokonta; Fungi;;;;;
873d19352dc88b69aafbd45351a332fd;Eukaryota; Obazoa; Opisthokonta; Fungi;;;;;
184d97b5782b943bffb7adafec3eff24;Eukaryota; Obazoa; Opisthokonta; Fungi;;;;;
98df6e3f98239ed3e5c4fab84a18c061;Eukaryota; Obazoa; Opisthokonta; Fungi;;;;;
acc9a5ccd75a7f3d354a3dfb6a3ef9e0;Eukaryota; Obazoa; Opisthokonta; Fungi;;;;;
ee503f94072f35f241edb3812db2dc14;Eukaryota; Obazoa; Opisthokonta; Fungi;;;;;
4264275c53d70c3369b8a2093b13c096;Eukaryota; Obazoa; Opisthokonta; Fungi;;;;;
9d197d1e73335105192e96eb445781a7;Eukaryota; Obazoa; Opisthokonta; Fungi;;;;;
f565df7dd1ff2685479651d452b8ae01;Eukaryota; Obazoa; Opisthokonta; Fungi;;;;;
3f6160e13fdc3090dfa206467375ad4c;Eukaryota; Obazoa; Opisthokonta; Fungi;;;;;
862826722cd5791c7693852990a5a026;Eukaryota; Obazoa; Opisthokonta; Fungi;;;;;
eb997f3281cc73ed4c72ae9223de843b;Eukaryota; Obazoa; Opisthokonta; Fungi;;;;;
84e6d6cac7aa94221ec17ae83468ef95;Eukaryota; Obazoa; Opisthokonta; Fungi;;;;;
ea7736839b2585ee6ff84fe3d9ae1922;Eukaryota; Obazoa; Opisthokonta; Fungi;;;;;
2dc65bc83dc8b7fab6c94d6f8c98c4e8;Eukaryota; Obazoa; Opisthokonta; Fungi;;;;;
ecd52731da12077fc4539d092375de4f;Eukaryota; Obazoa; Opisthokonta; Fungi;;;;;
919dc2bddaaa93c91eaf7fd081e92d8a;Eukaryota; Obazoa; Opisthokonta; Fungi;;;;;
1d39d94ada3d69d1f247d2e3a95a80af;Eukaryota; Obazoa; Opisthokonta; Fungi;;;;;
78555eea8eb591bda12bc90f00328d99;Eukaryota; Obazoa; Opisthokonta; Fungi;;;;;
53fee3b02f74e7cc61044befc334d090;Eukaryota; Obazoa; Opisthokonta; Fungi;;;;;
d35c63727725d856565cb39e42724bc2;Eukaryota; Obazoa; Opisthokonta; Fungi;;;;;
6ed059669a4c97c42603d138e49b4669;Eukaryota; Obazoa; Opisthokonta; Fungi;;;;;
31d5165258b5d32b650afa4aacee8211;Eukaryota; Obazoa; Opisthokonta; Fungi;;;;;
322b8a586174e6cc38995c45f3d614ad;Eukaryota; Obazoa; Opisthokonta; Fungi;;;;;
4099f8bc79bf257c71c91c7586760d01;Eukaryota; Obazoa; Opisthokonta; Fungi;;;;;
e376be9f4db7e5273b53125f850dc2be;Eukaryota; Obazoa; Opisthokonta; Fungi;;;;;
341983791364ca37a0bdb998b778a4c5;Eukaryota; Obazoa; Opisthokonta; Fungi;;;;;
f025050e4218d12991fe731083d52d97;Eukaryota; Obazoa; Opisthokonta; Fungi;;;;;
b440a71d028d8578f75d26bc558fa4d6;Eukaryota; Obazoa; Opisthokonta; Fungi;;;;;
ef3f9544d54e33867d2326214ed18ce5;Eukaryota; Obazoa; Opisthokonta; Fungi;;;;;
94fa8139d42e50314f8578af6a4e0848;Eukaryota; Obazoa; Opisthokonta; Fungi;;;;;
e8067e9b9952f2368cf7a98251b70815;Eukaryota; Obazoa; Opisthokonta; Fungi;;;;;
aaa11267e2a477da96ef3333af4cec2f;Eukaryota; Obazoa; Opisthokonta; Fungi;;;;;
5296a8eff6fbe528c2d1bcea10c9265c;Eukaryota; Obazoa; Opisthokonta; Fungi;;;;;
b52dd56b0dbb595e6e379223336267d0;Eukaryota; Obazoa; Opisthokonta; Fungi;;;;;
57a1543fc842bb1634f4b1d43c764ecd;Eukaryota; Obazoa; Opisthokonta; Fungi;;;;;
9b01afeb19a153a1bd1ab9e9fc3d3dd3;Eukaryota; Obazoa; Opisthokonta; Fungi;;;;;
510f9b8be59b52f22b0b09f8d6c2e954;Eukaryota; Obazoa; Opisthokonta; Fungi;;;;;
11d4198c29a3ce92f9adb9319991e153;Eukaryota; Obazoa; Opisthokonta; Fungi;;;;;
3412c10826a12b55488e1623d9c29968;Eukaryota; Obazoa; Opisthokonta; Fungi;;;;;
def2b8d3a37c5b2c8cb1481133ec3117;Eukaryota; Obazoa; Opisthokonta; Fungi;;;;;
93354e9728a5ac1b8621dd8e124d9edd;Eukaryota; Obazoa; Opisthokonta; Fungi;;;;;
5d61bde1ef54f19559dfc8e5e68c404c;Eukaryota; Obazoa; Opisthokonta; Fungi;;;;;
63a25ed2b7d5fb635c77309529295873;Eukaryota; Obazoa; Opisthokonta; Fungi;;;;;
ab8db5c76fd0b93c89df35d8679f79f3;Eukaryota; Obazoa; Opisthokonta; Fungi;;;;;
a5423231a2122b4147ec1bb822907120;Eukaryota; Obazoa; Opisthokonta; Fungi;;;;;
c8be26fc443ffe27c4266a067857b55f;Eukaryota; Obazoa; Opisthokonta; Fungi;;;;;
38ed1d76f7445a2a577bde9288962724;Eukaryota; Obazoa; Opisthokonta; Fungi;;;;;
3a1a057e33e536d362381fe5c1e124b8;Eukaryota; Obazoa; Opisthokonta; Fungi;;;;;
b20d1724ce174f2e6e67f6d300b5f378;Eukaryota; Obazoa; Opisthokonta; Fungi;;;;;
9aa5a38b91ca27ac1745fe126aca81f7;Eukaryota; Obazoa; Opisthokonta; Fungi;;;;;
4be4c9001c6faefd82768ae5d270f490;Eukaryota; Obazoa; Opisthokonta; Fungi;;;;;
a58d7ff76f32aafafdfb5a822f1af5a2;Eukaryota; Obazoa; Opisthokonta; Fungi;;;;;
f741b9f7825a4b39c3bee65f3ff1ce58;Eukaryota; Obazoa; Opisthokonta; Fungi;;;;;
384ff2d4b221e0b5bd6cc98c4962c3a9;Eukaryota; Obazoa; Opisthokonta; Fungi;;;;;
3ba7edcf904a8ff104da944cf1f62bb0;Eukaryota; Obazoa; Opisthokonta; Fungi;;;;;
099539d59938c86bf20f1b9b5d34aced;Eukaryota; Obazoa; Opisthokonta; Fungi;;;;;
255b7fc69829cbce6528be98ef73e656;Eukaryota; Obazoa; Opisthokonta; Fungi;;;;;
2431f7d3e681b03ea0ccfb4739b74d5a;Eukaryota; Obazoa; Opisthokonta; Fungi;;;;;
aad9e0a0e3e0617ac1a69e159d7b1211;Eukaryota; Obazoa; Opisthokonta; Fungi;;;;;
f18152d7d340de76b16fe471ae747138;Eukaryota; Obazoa; Opisthokonta; Fungi;;;;;
c3fb7a5022386e4a17b76725221ca96b;Eukaryota; Obazoa; Opisthokonta; Fungi;;;;;
67c160de9fdd1067e64ab62662946342;Eukaryota; Obazoa; Opisthokonta; Fungi;;;;;
57dba57a4a29c4c57c93057d69f0dd20;Eukaryota; Obazoa; Opisthokonta; Fungi;;;;;
7017c622752dc1cb2b813974353611e8;Eukaryota; Obazoa; Opisthokonta; Fungi;;;;;
2ca6f3472104f59b5b3331ee0503c3a0;Eukaryota; Obazoa; Opisthokonta; Fungi;;;;;
253d96d988d1b19d23e41e9bccc271c8;Eukaryota; Obazoa; Opisthokonta; Fungi;;;;;
34ab929d61072ae6ef91045784dccefd;Eukaryota; Obazoa; Opisthokonta; Fungi;;;;;
3951f9a4af2ef6bea990b8d38aa4b2b4;Eukaryota; Obazoa; Opisthokonta; Fungi;;;;;
23206956f1865082885bc84d2986372d;Eukaryota; Obazoa; Opisthokonta; Fungi;;;;;
820c058b59cc67e78b954bc11fef5ab8;Eukaryota; Obazoa; Opisthokonta; Fungi;;;;;
6dc3eee4d107cf50963db1ecc373bb0d;Eukaryota; Obazoa; Opisthokonta; Fungi;;;;;
75be15076318db22dadb2878754628b2;Eukaryota; Obazoa; Opisthokonta; Fungi;;;;;
9666fe0f140e6963d5e1b815797509fc;Eukaryota; Obazoa; Opisthokonta; Fungi;;;;;
99a9777b2d195b09d02b64027743e2e5;Eukaryota; Obazoa; Opisthokonta; Fungi;;;;;
983c9b726232332604f6e5ba17a24d0f;Eukaryota; Obazoa; Opisthokonta; Fungi;;;;;
cbab8c98d2391abb2504abd4c0810271;Eukaryota; Obazoa; Opisthokonta; Fungi;;;;;
9f659e0f7e10cdfc065b7f3cf39afc02;Eukaryota; Obazoa; Opisthokonta; Fungi;;;;;
6d85a86577ca0703b28c6c031038ab74;Eukaryota; Obazoa; Opisthokonta; Fungi;;;;;
163b80cd5cc05ad0698e018c7ad0a15f;Eukaryota; Obazoa; Opisthokonta; Fungi;;;;;
0d18a19cd1171a73a61a4170c32267f4;Eukaryota; Obazoa; Opisthokonta; Fungi;;;;;
cb986bd41fc4d21018855292f9b928af;Eukaryota; Obazoa; Opisthokonta; Fungi;;;;;
7f566926f583b97a567add19d09ae0e9;Eukaryota; Obazoa; Opisthokonta; Fungi;;;;;
7efa6bc64c88a49ffb401b8c995f9432;Eukaryota; Obazoa; Opisthokonta; Fungi;;;;;
56fd36ae32ee0dcb0635e9fe39ceec66;Eukaryota; Obazoa; Opisthokonta; Fungi;;;;;
9d075ca930e9ba8f06aaaa59444ea4e4;Eukaryota; Obazoa; Opisthokonta; Fungi;;;;;
b6dac6850a8b5caed51d53fed1584e2e;Eukaryota; Obazoa; Opisthokonta; Fungi;;;;;
1794dd3dcbfbec7cd1bd1cb107a6235a;Eukaryota; Obazoa; Opisthokonta; Fungi;;;;;
15c4aa598a4db796258432a794973020;Eukaryota; Obazoa; Opisthokonta; Fungi;;;;;
5faa031f69c18803cc1539dd1601fe3c;Eukaryota; Obazoa; Opisthokonta; Fungi;;;;;
4031440910e0153a6755bf64a06192e1;Eukaryota; Obazoa; Opisthokonta; Fungi;;;;;
a863f21aac2217e078c9a09eea6a6196;Eukaryota; Obazoa; Opisthokonta; Fungi;;;;;
5f324055c6418692c8edf1f224869e5d;Eukaryota; Obazoa; Opisthokonta; Fungi;;;;;
bc1cc5d8fd65b598e05ad72b2b8e8060;Eukaryota; Obazoa; Opisthokonta; Fungi;;;;;
bd899cbdd2c47580db2819a01304d6fe;Eukaryota; Obazoa; Opisthokonta; Fungi;;;;;
6b0f72c18b1163c0be1d76be8f94c47e;Eukaryota; Obazoa; Opisthokonta; Fungi;;;;;
f7c138822b4484f0d62c2aaa297cb4c0;Eukaryota; Obazoa; Opisthokonta; Fungi;;;;;
e0e8ee4aec1fd67fb906c24a67fdfd6e;Eukaryota; Obazoa; Opisthokonta; Fungi;;;;;
b0c99bf31dc1af85fe8f194db3798cd6;Eukaryota; Obazoa; Opisthokonta; Fungi;;;;;
96ff0fce7a751687e9c4a07a44e4bd42;Eukaryota; Obazoa; Opisthokonta; Fungi;;;;;
104b56d62663be1281fe20ba6450085e;Eukaryota; Obazoa; Opisthokonta; Fungi;;;;;
a212c36ffea0d16e53a7ab211d3fa0cc;Eukaryota; Obazoa; Opisthokonta; Fungi;;;;;
1611dbe2e8c9c757c8b6587c7651d6c4;Eukaryota; Obazoa; Opisthokonta; Fungi;;;;;
ea241d9ad22ce3394cda428005de5211;Eukaryota; Obazoa; Opisthokonta; Fungi;;;;;
d21f99d6ec77368fb5a2bc85423f582f;Eukaryota; Obazoa; Opisthokonta; Fungi;;;;;
2808c63b61d315b1926968d24ce6f388;Eukaryota; Obazoa; Opisthokonta; Fungi;;;;;
e23434444a6e3e32e89e64d74c1513a4;Eukaryota; Obazoa; Opisthokonta; Fungi;;;;;
f11f1c1fddd67d5f804953a8ca497230;Eukaryota; Obazoa; Opisthokonta; Fungi;;;;;
1ca29b6cbf9677c3a0ede917f9a2dce0;Eukaryota; Obazoa; Opisthokonta; Fungi;;;;;
7cceb004ebd072b0abede04abbba7ad2;Eukaryota; Obazoa; Opisthokonta; Fungi;;;;;
1a3f566defc828977104b59d8d3e0dc0;Eukaryota; Obazoa; Opisthokonta; Fungi;;;;;
63e2dde39dcb7518fa89f7379547d976;Eukaryota; Obazoa; Opisthokonta; Fungi;;;;;
56344d27e3b1192284b5a1a502f9d340;Eukaryota; Obazoa; Opisthokonta; Fungi;;;;;
580aef4dbaee410ac7fd93756990c7d5;Eukaryota; Obazoa; Opisthokonta; Fungi;;;;;
cb6d394418a5103821ede6fd2f7ab953;Eukaryota; Obazoa; Opisthokonta; Fungi;;;;;
2c74d7ada4a79d69b4e98e5897b12792;Eukaryota; Obazoa; Opisthokonta; Fungi;;;;;
f9ba9fd5d8ae2991cd6d7095b30cdaa4;Eukaryota; Obazoa; Opisthokonta; Fungi;;;;;
8ce1097ca89c16cf5d2fd3411d6bb893;Eukaryota; Obazoa; Opisthokonta; Fungi;;;;;
868604d0f488d8751b85e9967c7b72b3;Eukaryota; Obazoa; Opisthokonta; Fungi;;;;;
7bd0a8c3fff04b117202e23a4fe048c3;Eukaryota; Obazoa; Opisthokonta; Fungi;;;;;
35ba42d74a12f481ff80290609fa5d80;Eukaryota; Obazoa; Opisthokonta; Fungi;;;;;
28d1026da681902887e22249bcde4fe9;Eukaryota; Obazoa; Opisthokonta; Fungi;;;;;
28af8dbc2aaef65c8695a34113c563e4;Eukaryota; Obazoa; Opisthokonta; Fungi;;;;;
7cc47d275c4cb02f611ff6d9faeb00da;Eukaryota; Obazoa; Opisthokonta; Fungi;;;;;
88b5b72937b5b894567191fcabc95ad1;Eukaryota; Obazoa; Opisthokonta; Fungi;;;;;
34301e3a87c1a218055d0def68eef394;Eukaryota; Obazoa; Opisthokonta; Fungi;;;;;
4ad3e786267d7e196922b3c3a5dac413;Eukaryota; Obazoa; Opisthokonta; Fungi;;;;;
569f5d88d995ebb1add6361dc2078cbc;Eukaryota; Obazoa; Opisthokonta; Fungi;;;;;
890687bda215744583e2aaab3b9c0859;Eukaryota; Obazoa; Opisthokonta; Fungi;;;;;
b3b5112f38ac771170b63c11eb661f28;Eukaryota; Obazoa; Opisthokonta; Fungi;;;;;
098c2d14d9e3ffab170105c5c28812c8;Eukaryota; Obazoa; Opisthokonta; Fungi;;;;;
5ed587d54448767b7343f685c90ed466;Eukaryota; Obazoa; Opisthokonta; Fungi;;;;;
06456278eb08eced67362b347659a804;Eukaryota; Obazoa; Opisthokonta; Fungi;;;;;
3cc07e0d1b4881111bd8ad96e6e74a31;Eukaryota; Obazoa; Opisthokonta; Fungi;;;;;
163ae0a0abcd366b3a49d3e23c150980;Eukaryota; Obazoa; Opisthokonta; Fungi;;;;;
4c1ffbd003181b810dbb33af7f2bcba6;Eukaryota; Obazoa; Opisthokonta; Fungi;;;;;
2e9bfd1a32b8550ad4521e78a3d5ea4b;Eukaryota; Obazoa; Opisthokonta; Fungi;;;;;
13b5599ff119198a2d0d750008abe1a0;Eukaryota; Obazoa; Opisthokonta; Fungi;;;;;
7637a1fe40e6cf75312ae881d50b548c;Eukaryota; Obazoa; Opisthokonta; Fungi;;;;;
f1eb7b7d8b8f52a759868ded473688c0;Eukaryota; Obazoa; Opisthokonta; Fungi;;;;;
58774d0fff449306119db5e21e72d9e4;Eukaryota; Obazoa; Opisthokonta; Fungi;;;;;
d5f33c5f59347f625e7453f9ef9a26fd;Eukaryota; Obazoa; Opisthokonta; Fungi;;;;;
70e483af66cfb3f5a47f1d28830754ec;Eukaryota; Obazoa; Opisthokonta; Fungi;;;;;
2e54e697ee9ca6399f9df3d65db766ef;Eukaryota; Obazoa; Opisthokonta; Fungi;;;;;
875020f60f12008599dc20e811c188f3;Eukaryota; Obazoa; Opisthokonta; Fungi;;;;;
318da2a4a5bae0fe8152af703b338025;Eukaryota; Obazoa; Opisthokonta; Fungi;;;;;
79766b813f217400eaade007a7f0f143;Eukaryota; Obazoa; Opisthokonta; Fungi;;;;;
d5991ba66d864cbce498e52db4981e87;Eukaryota; Obazoa; Opisthokonta; Fungi;;;;;
1a4c0d3dfd186dba0dbdb11e043e0a42;Eukaryota; Obazoa; Opisthokonta; Fungi;;;;;
b5556a561757029c527aee9fce4acdc6;Eukaryota; Obazoa; Opisthokonta; Fungi;;;;;
89e59b2c03ffb31093506b53ee8615ee;Eukaryota; Obazoa; Opisthokonta; Fungi;;;;;
c661f1cc0c7018044927b837715413e2;Eukaryota; Obazoa; Opisthokonta; Fungi;;;;;
1c1aca27c5dc301a0db90ab135ae1106;Eukaryota; Obazoa; Opisthokonta; Fungi;;;;;
c16368241b4f37321f33c1dfdf6c352a;Eukaryota; Obazoa; Opisthokonta; Fungi;;;;;
a9166f3eaff2ee677098420462e051b7;Eukaryota; Obazoa; Opisthokonta; Fungi;;;;;
d9fed5a2f9fb2ecf2bf980c0ee0dabf6;Eukaryota; Obazoa; Opisthokonta; Fungi;;;;;
aa9cea7ce3989d93fed32b33297e6fb4;Eukaryota; Obazoa; Opisthokonta; Fungi;;;;;
163cf2d4ecb6f4cc235d987ba669c8dd;Eukaryota; Obazoa; Opisthokonta; Fungi;;;;;
084930562ea58a111e83e8ba027def61;Eukaryota; Obazoa; Opisthokonta; Fungi;;;;;
80542b927af913b8417866861d33ffbd;Eukaryota; Obazoa; Opisthokonta; Fungi;;;;;
62886e4058310ad8608457feb996a641;Eukaryota; Obazoa; Opisthokonta; Fungi;;;;;
1da46dcd4a08a7e093a5ced1a2fb43f9;Eukaryota; Obazoa; Opisthokonta; Fungi;;;;;
79d72d29411677c37aae99777e89b75c;Eukaryota; Obazoa; Opisthokonta; Fungi;;;;;
db6f9e9a7b8e2e17943a1186e8cffb11;Eukaryota; Obazoa; Opisthokonta; Fungi;;;;;
c8b716d947cb9bf41c0e21df93ea625d;Eukaryota; Obazoa; Opisthokonta; Fungi;;;;;
2441e1fd3caef4fe167f612d14f6c0d5;Eukaryota; Obazoa; Opisthokonta; Fungi;;;;;
ad2fdd0d54689bef3113f25e245b997c;Eukaryota; Obazoa; Opisthokonta; Fungi;;;;;
3fa4b20e80468d3a3358bd13d85d85ea;Eukaryota; Obazoa; Opisthokonta; Fungi;;;;;
61b76b8ef7f77f7741e4d61feb9a26c7;Eukaryota; Obazoa; Opisthokonta; Fungi;;;;;
20a4f0b07f7a58d79d77b14d6f2d3131;Eukaryota; Obazoa; Opisthokonta; Fungi;;;;;
cef0792c22cbc12350ac7e542bff0979;Eukaryota; Obazoa; Opisthokonta; Fungi;;;;;
b1e8b7935d80bf88b29904a9260e6001;Eukaryota; Obazoa; Opisthokonta; Fungi;;;;;
b36cec00cbe8aeef8ca9489dbe0d0780;Eukaryota; Obazoa; Opisthokonta; Fungi;;;;;
6dba2711017d8328830a220502b8bf20;Eukaryota; Obazoa; Opisthokonta; Fungi;;;;;
6048b4846175a99d3f0704c5cf116cec;Eukaryota; Obazoa; Opisthokonta; Fungi;;;;;
474ff98bff14280dba7fe858e295835c;Eukaryota; Obazoa; Opisthokonta; Fungi;;;;;
37a468a62fed4f21b68a22ae8448a74c;Eukaryota; Obazoa; Opisthokonta; Fungi;;;;;
03342a2207280162df8c2accace55e1f;Eukaryota; Obazoa; Opisthokonta; Fungi;;;;;
7d10e6eeff778b52a42ae400188b8285;Eukaryota; Obazoa; Opisthokonta; Fungi;;;;;
4438cd2a225ac6bc585ab06aca8111d3;Eukaryota; Obazoa; Opisthokonta; Fungi;;;;;
a0a4203be7795c7e332299cbeda8857c;Eukaryota; Obazoa; Opisthokonta; Fungi;;;;;
c02ec361065eca5bcbd124049730d564;Eukaryota; Obazoa; Opisthokonta; Fungi;;;;;
3dce2656f9d1264b2e631755d43f0eac;Eukaryota; Obazoa; Opisthokonta; Fungi;;;;;
0649ef53bd18574bf5290f0097ee98b0;Eukaryota; Obazoa; Opisthokonta; Fungi;;;;;
13197c267b4ca44b33541267f2fc047d;Eukaryota; Obazoa; Opisthokonta; Fungi;;;;;
affb8b083086066a4ef6b34c241e7a09;Eukaryota; Obazoa; Opisthokonta; Fungi;;;;;
215691b1206dec9ea4096d348e346f6c;Eukaryota; Obazoa; Opisthokonta; Fungi;;;;;
7de12d43e844ad4a129cbb3ca702b670;Eukaryota; Obazoa; Opisthokonta; Fungi;;;;;
44a1e239b592265dc04167be65e14a15;Eukaryota; Obazoa; Opisthokonta; Fungi;;;;;
8e7b1bf658bf0d909d501bb02348d0f5;Eukaryota; Obazoa; Opisthokonta; Fungi;;;;;
b04f66e58473de47a7d8f07cf51a310b;Eukaryota; Obazoa; Opisthokonta; Fungi;;;;;
082dcf181ecb1927d4ae7cef46093a93;Eukaryota; Obazoa; Opisthokonta; Fungi;;;;;
1db4d3c131b0d00eb9974990ffc02f19;Eukaryota; Obazoa; Opisthokonta; Fungi;;;;;
c58f4e8f16af6ba941cd8eac4b6a5746;Eukaryota; Obazoa; Opisthokonta; Fungi;;;;;
208fddfa044f333ecc80908830de9227;Eukaryota; Obazoa; Opisthokonta; Fungi;;;;;
0f2e693b1b83e270ca2d859058172d46;Eukaryota; Obazoa; Opisthokonta; Fungi;;;;;
d9046b620ba5e5a1ac59c78319739856;Eukaryota; Obazoa; Opisthokonta; Fungi;;;;;
b62c2127026dc0e5305b4e24175dea1d;Eukaryota; Obazoa; Opisthokonta; Fungi;;;;;
b9ce793dc714d6380a9e76cbf7896fde;Eukaryota; Obazoa; Opisthokonta; Fungi;;;;;
acc6fa9a0dd658a09e34451cfbd15641;Eukaryota; Obazoa; Opisthokonta; Fungi;;;;;
d28a4bf5d5601e103d546bccb6f022d0;Eukaryota; Obazoa; Opisthokonta; Fungi;;;;;
5bf61b0c851bdf74a946e8077d6d5819;Eukaryota; Obazoa; Opisthokonta; Fungi;;;;;
d91cf83c5eec8cd6bfb30363d30dc64b;Eukaryota; Obazoa; Opisthokonta; Fungi;;;;;
f7785820ee8fd8686a78c3e2f451a770;Eukaryota; Obazoa; Opisthokonta; Fungi;;;;;
d33149b09749a20d6c83b7447633d062;Eukaryota; Obazoa; Opisthokonta; Fungi;;;;;
8a123ea0996218b7c3573db4a293b721;Eukaryota; Obazoa; Opisthokonta; Fungi;;;;;
99beb1d7edaa61ad4f0543c17dd7f0d4;Eukaryota; Obazoa; Opisthokonta; Fungi;;;;;
08a5f3ef994719700104cf6662e6bb76;Eukaryota; Obazoa; Opisthokonta; Fungi;;;;;
93368ac465280dba01d0400b6f7561cf;Eukaryota; Obazoa; Opisthokonta; Fungi;;;;;
6d64df539531ce8364fafebbb4b65a2b;Eukaryota; Obazoa; Opisthokonta; Fungi;;;;;
c969ea2e8dd755017ffcaf236d274d38;Eukaryota; Obazoa; Opisthokonta; Fungi;;;;;
c46d3159f3770c2a22d2825bf086d208;Eukaryota; Obazoa; Opisthokonta; Fungi;;;;;
c6f735557c5ed9cbcddecffddaebcbc3;Eukaryota; Obazoa; Opisthokonta; Fungi;;;;;
67871e8d178f6c1ac1f29fef8ed8276c;Eukaryota; Obazoa; Opisthokonta; Fungi;;;;;
c14e5a482a720676570f86ea13647dc0;Eukaryota; Obazoa; Opisthokonta; Fungi;;;;;
c1e0740414b52be38e2501c1810b565f;Eukaryota; Obazoa; Opisthokonta; Fungi;;;;;
d5102bc8baf55ef1717431674f8ceee0;Eukaryota; Obazoa; Opisthokonta; Fungi;;;;;
19d27267fd6f249aa57bcdeb031f9c45;Eukaryota; Obazoa; Opisthokonta; Fungi;;;;;
d9602058d15f1ef1da62abbb3d2ead2b;Eukaryota; Obazoa; Opisthokonta; Fungi;;;;;
a2ada56485041fcff5af0d896f0dc855;Eukaryota; Obazoa; Opisthokonta; Fungi;;;;;
a60be25df7c124a0762fd96bb2a94f18;Eukaryota; Obazoa; Opisthokonta; Fungi;;;;;
f363b97655499dba1245deee8f8aa806;Eukaryota; Obazoa; Opisthokonta; Fungi;;;;;
e8492aae48ed1a5dba463a2908a2c4f7;Eukaryota; Obazoa; Opisthokonta; Fungi;;;;;
4ea3553ddb0d987c31ba8b0ce63ad87c;Eukaryota; Obazoa; Opisthokonta; Fungi;;;;;
e47d21c8a7908629f13963ba52207868;Eukaryota; Obazoa; Opisthokonta; Fungi;;;;;
ddaa695735a7aced01b7f288c5f684f9;Eukaryota; Obazoa; Opisthokonta; Fungi;;;;;
fefb108078ec9bf0876e3a65ca11b223;Eukaryota; Obazoa; Opisthokonta; Fungi;;;;;
e2c0af5e62b9d52d20cd37916d9cf777;Eukaryota; Obazoa; Opisthokonta; Fungi;;;;;
2c3d3ffe394347e36b3917769ab646a6;Eukaryota; Obazoa; Opisthokonta; Fungi;;;;;
e06cc5af846321ee281468ee9497b8c1;Eukaryota; Obazoa; Opisthokonta; Fungi;;;;;
2bfc26de5d9d6a8f981da9a24ede21f2;Eukaryota; Obazoa; Opisthokonta; Fungi;;;;;
e238e22d479bb1b742d068022ac41285;Eukaryota; Obazoa; Opisthokonta; Fungi;;;;;
46a5a27aae066d73ba52209ed57e7b61;Eukaryota; Obazoa; Opisthokonta; Fungi;;;;;
7a1ed5645b1a414d2751093893bb1521;Eukaryota; Obazoa; Opisthokonta; Fungi;;;;;
d960f9bcbec7c55882815267f1eb0f79;Eukaryota; Obazoa; Opisthokonta; Fungi;;;;;
29bdc766ec0be58a27d8ebbce0f5293f;Eukaryota; Obazoa; Opisthokonta; Fungi;;;;;
9c43f69d663298b39af658e260d25995;Eukaryota; Obazoa; Opisthokonta; Fungi;;;;;
db4187ec31aacbb0012d3bab853c1eb5;Eukaryota; Obazoa; Opisthokonta; Fungi;;;;;
5bcc12af49324c12f292a0ba7907dcd9;Eukaryota; Obazoa; Opisthokonta; Fungi;;;;;
a5af2a4ec5e57e4b91cbf0522d85ff9e;Eukaryota; Obazoa; Opisthokonta; Fungi;;;;;
c43a3daba81585728e8a560cc57b3be0;Eukaryota; Obazoa; Opisthokonta; Fungi;;;;;
529e1651207b28e815f2c23b22528447;Eukaryota; Obazoa; Opisthokonta; Fungi;;;;;
ba1f181986f89402def7758c1c117d9a;Eukaryota; Obazoa; Opisthokonta; Fungi;;;;;
bc2bf37ac4fbc7d389dba3f69f835b1c;Eukaryota; Obazoa; Opisthokonta; Fungi;;;;;
7dab97a136c29591ed1bc7ff16a9accd;Eukaryota; Obazoa; Opisthokonta; Fungi;;;;;
ea409ea0b92785fc8390ba8f12169c3c;Eukaryota; Obazoa; Opisthokonta; Fungi;;;;;
9f2380f4bfa9f80c15cb61788c77b4fb;Eukaryota; Obazoa; Opisthokonta; Fungi;;;;;
